Unnamed: 0,Company,Rating,No_of_ratings,Review,Size,Processor,RAM,Memory,OpSys,Price,ImgURL,Product Link,
0,HP,4.2,253,20,14.17,AMD Ryzen 5 Hexa Core Processor,16,512 GB SSD,64 bit Windows 11,599.88,https://rukminim1.flixcart.com/image/312/312/l5fnhjk0/computer/c/p/c/14s-fy1005au-thin-and-light-laptop-hp-original-imagg4dgtu77mzye.jpeg?q=70,https://www.amazon.com/HP-14-Hexa-Core-Processor-Bluetooth/dp/B0CW3DW4NC/ref=sr_1_3?crid=3E83G4TET66UK&dib=eyJ2IjoiMSJ9.krdTIF90nYzRi3YfIXFmMC2LgGFv2WUbDCxsEUXYUkC_hv7_TeW3eXCdmXHXbH2TKBePDt-WAoTJciDGti52nWlvpgz20nc8vEilHwSRt8l9g3cmYMgOloxk8_2WrR3npCcfUrf1NGBEVbqu0RqK6omnsHG2k1lxKpBPPRqbgXwh1-mF_Fd3Qskg-oqqD4L2EwKh8HlAxTviLyYyY9HWPZcDTPXP1qTWAZKDnyQKGUY.hpy8IHXahAe5DMhD49QZUFF9NV36-E1Rl47BWDmvn-E&dib_tag=se&keywords=HP+AMD+Ryzen+5+Hexa+Core+Processor&qid=1753150688&sprefix=hp+amd+ryzen+5+hexa+core+processor%2Caps%2C158&sr=8-3,
1,Lenovo,4.2,974,75,14.17,Intel Core i3 Processor (11th Gen),8,256 GB SSD,64 bit Windows 11,407.88,https://rukminim1.flixcart.com/image/312/312/keaaavk0/computer/c/q/t/lenovo-na-thin-and-light-laptop-original-imafuzt873zgp9xe.jpeg?q=70,https://www.amazon.com/Lenovo-Ideapad-Touchscreen-i3-1005G1-Processor/dp/B08B6F1NNR/ref=sr_1_3?crid=1FVHUG64GM0E1&dib=eyJ2IjoiMSJ9.bt03p5cU0uWf1zl-nSDAkbmwsLfaotwR9xclpNUWpZARXUGNojS83s4hfsn3qFpehiPzaYQrhckfaHuraX28rtOp1nevKe_j3a6N9QOgAVtAf4ls9EF5w84YAC8oWB3PSh3TvYC7Wp59D6VC00WJmR37eEsCMQfN7tHXDJ9m13MfLmWpSqclUdnDtMD4SB6ArGdao_AIM4dkwAuzsQ6K_0KkQcgmMury8RdybvBAnKfzGAK35VKurU8JWoLPqsaWNGZAt8TQKF1bF9-xHv2qIbMIpcnouZufqXfVkucTZqw.rFCrEK_tdd_S00qQFWivZ7d_hxA1nbXAvwze_zL2-io&dib_tag=se&keywords=Lenovo+Intel+Core+i3+Processor+%2811th+Gen%29&qid=1753214009&s=electronics&sprefix=lenovo+intel+core+i3+processor+11th+gen+%2Celectronics%2C120&sr=1-3 ,
3,DELL,4.1,332,26,15.75,"Intel Core i3-1115G4 (11th Gen, 2-Core, up to 4.10 GHz)",8,"Display: 15.6"" FHD WVA AG Narrow Border",Graphics & Keyboard: Integrated & Standard Keyboard,455.88,https://rukminim1.flixcart.com/image/312/312/xif0q/computer/x/o/u/-original-imaghkk994ybh4fh.jpeg?q=70,https://www.amazon.com/Dell-New-Inspiron-15-3000/dp/B09F3TL5SD/ref=sr_1_1?crid=SXWPNILE0TRJ&dib=eyJ2IjoiMSJ9.CTUyrJgxjP5KZmbOoqbjqwWRMNbpnzKR9wxdFuBQwAH5rsbsESu0Tpq1LUp6EDAE98pnier3MNhVf1fYpls-SztPQGc89N6tSbafxg7UcE9Ol6S9LxG8666hPug7zOdZI-9YbD2RxlqNVT-_CJ8I3FXbZMG5x9KzEX7LsSHHTabEyB2bGCRgjHlLOmfTgeP4gnZtroYDk0qzemxtg5HzYGP97PBX0wyXChkSGtbCnHBlglbRydeOKIB2yuZRJcMZC5ShScwgKlcSma_U3DDfdQqPeJt74yN8MxonM9EBJb8.w_-uC5oIatqHnqwJ8iBykUkdPbH2kzdMKE4Nq8IIv5w&dib_tag=se&keywords=DELL+Intel+Core+i3-1115G4+%2811th+Gen%2C+2-Core%2C+up+to+4.10+GHz%29&qid=1753217347&s=electronics&sprefix=dell+intel+core+i3-1115g4+11th+gen%2C+2-core%2C+up+to+4.10+ghz+%2Celectronics%2C62&sr=1-1,
4,ASUS,4.2,487,53,15.75,Intel Core i3 Processor (11th Gen),8,512 GB SSD,64 bit Windows 11,431.88,https://rukminim1.flixcart.com/image/312/312/xif0q/computer/o/t/h/-original-imagg6t9pauha4t7.jpeg?q=70,https://www.amazon.com/ASUS-VivoBook-i3-1115G4-Processor-Bluetooth/dp/B0C541MHRX/ref=sr_1_3?crid=2RSDF3KABZZ44&dib=eyJ2IjoiMSJ9.EfReckpRREk0oF2ZQJbsw84wp7Eb8leLofHMYMzsH223nTC3aTbC5mW4JCOYHIWoyTAdSHVX7Bdv2uuTUZx6geDpbfHqXjTObHgxgbAlR-6EhmXG8EsDyq0S-xVuPGApPdyATw9RVsIdxdxa-GV7Svmd-MLWhJUWrexl9VCwMHZNToLjXUoFc0K6lRAanOR0R0_3FPtaT8xhBptzErHa5RBIDgUEn6RbO8gpLXDdjTmEBJ9BER2tBaFxEv6Fx3G1rkrq6OVN8LeIvvUdo4oXvmksKhm5ztVeqOLAy79_Hbo.YPreyamq_TDGU78OMU3WN6dj-T3ZMc--fyen2L27Ojc&dib_tag=se&keywords=ASUS+Intel+Core+i3+Processor+%2811th+Gen%29&qid=1753217401&s=electronics&sprefix=asus+intel+core+i3+processor+11th+gen+%2Celectronics%2C117&sr=1-3,
9,ASUS,4.1,1022,123,14.17,Intel Celeron Dual Core Processor,4,256 GB SSD,64 bit Windows 11,287.88,https://rukminim1.flixcart.com/image/312/312/l2m78280/computer/z/e/f/-original-imagdx9szs8xz2rk.jpeg?q=70,https://www.amazon.com/ASUS-14-Go-2024-HubxcelAccessory/dp/B0DFG8BFCF/ref=sr_1_9?crid=1ZTJ80JQ582LH&dib=eyJ2IjoiMSJ9.uj5JOkXXgSrWG90U3Mi_GzVpgnRsbkKtTGx1FIFDnManZIAmFRDCMRqQtmTZjrr_6kxi26Q8JF6bWn4iR6cd8OW7dFWZajibkBWNQ8sm7RJdY-L4fQGXxP-MxuDS23taA8N45kIgkxsBOA-HREYs9yF1cPN2snnU2B8nmPGOT7uGyEkrFksrXD6DsFZVtRHjTp06Fwk0pxRKzA7ki_gS_BVOkTKEEO4KwXrdOnureBazfBsmfTDMFme5fLVEa0g9gLQ4EbKRx3cDTm640KAui6jliBlVOoPclenAR5PKQT0.Xm-YM94vEUgpAUGALao7UYsQl-6IbbsNwU2fX4lYvj4&dib_tag=se&keywords=ASUS+Intel+Celeron+Dual+Core+Processor&qid=1753217466&s=electronics&sprefix=asus+intel+celeron+dual+core+processor%2Celectronics%2C77&sr=1-9,
12,ASUS,4.4,1134,138,17.32,AMD Ryzen 7 Octa Core Processor,8,512 GB SSD,64 bit Windows 11,815.88,https://rukminim1.flixcart.com/image/312/312/l3rmzrk0/computer/z/2/c/-original-imagetjyhhtrtkdg.jpeg?q=70,https://www.amazon.com/ASUS-Desktop-Octa-core-Processor%EF%BC%8820M-4-6GHz%EF%BC%89/dp/B09JYM2SCN/ref=sr_1_9?crid=2T4HL044021O8&dib=eyJ2IjoiMSJ9.w3ZFKlGS5Pn1O5LGeqxFiPB7q-4MIRM_2OJQj3JZzOVbzaL46PeIRkx7u_fU9xlIVgTH2d8Effx5B95UJr4vfwSbe-zXI-udYqCXIeZc2kbN06cq54OoQOT2Orf3DW8kYJgcGgsrylIt3EZOWp4PDR9m0emRMMap67zHFpVsylKIhT2GmcW7lsxR-IPBF5__0nJmG5fsKP0xK-nLOh_CVafMV7EswBZPx23s2EBwQWY1dyMFudDaNpu6_2cql7wlo1S-T1m29yIauiRTM-sfujSKCDc-9-4WidKYaoGr4pY.HzOZ-C9ea5-yrQYwAOEOJil7w7m8B5kOyPdseErUu0A&dib_tag=se&keywords=ASUS+AMD+Ryzen+7+Octa+Core+Processor&qid=1753217554&refinements=p_n_feature_four_browse-bin%3A18107802011&rnid=676578011&s=electronics&sprefix=asus+amd+ryzen+7+octa+core+processor%2Celectronics%2C73&sr=1-9,
14,DELL,4.4,62,5,15.75,Intel i5-1235U (Base 3.30 GHz & Turbo up to 4.40 GHz) 10 Cores,8,"Display: 15.6"" FHD WVA AG 120Hz 250 nits Narrow Border",Graphics & Keyboard: Integrated & Backlit Keyboard+Fingerprint Reader,779.88,https://rukminim1.flixcart.com/image/312/312/xif0q/computer/y/h/w/-original-imaghzahgukpkyfu.jpeg?q=70,https://www.amazon.com/Dell-Inspiron-Touchscreen-i5-1235U-i7-1165G7/dp/B0DP5KL3TH/ref=sr_1_3?crid=3SYLBH9ZP55F&dib=eyJ2IjoiMSJ9.qzLJFBzKKPpl0pt2AGbRJY9Hw7lF8Xc3XkXLRpAvL5xgQV721IkUlZmwDFwpO7D3OEYA7gegtMhegWaKTVtbYMAd-YeswoCMxRWY3tRdW_4.HkeQJvhZ1zYqSc0TDXM8xL3ld7rRZQngWhrQ3e2wqa4&dib_tag=se&keywords=Intel+i5-1235U+%28Base+3.30+GHz+%26+Turbo+up+to+4.40+GHz%29+10+Cores&qid=1753219744&refinements=p_n_feature_thirty-one_browse-bin%3A23716064011&rnid=23716050011&s=electronics&sprefix=intel+i5-1235u+base+3.30+ghz+%26+turbo+up+to+4.40+ghz+10+cores%2Celectronics%2C365&sr=1-3,
15,Lenovo,4.2,265,21,15.75,Intel Core i5 Processor (12th Gen),8,512 GB SSD,64 bit Windows 11,659.88,https://rukminim1.flixcart.com/image/312/312/xif0q/computer/a/c/3/-original-imagg56h9gat842s.jpeg?q=70,https://www.amazon.com/Lenovo-Touchscreen-Intel-Processor-Accessories/dp/B0DPJVNDGP/ref=sr_1_4?crid=X844PLH0Z28W&dib=eyJ2IjoiMSJ9.ct-82nitJ4vb1nfrkrARzbVuPXmayUg1vGz8tdTX3FUIZcRbpolixRuhhj3te_LvDW3MSEabHi83Jhag4hlOB0Cunqto0baa-2vvxXalX6Hx9wUEdgxsfnqjw19p1ZDm0oRMyBLmxIlqZ4kaOwsSpLjLFNVkvaXDdX4dUvSOodZy47yHAb_FRJ-8jqO_0CLpOZwslC-0iQb9GxWOt_VzFZpgUokAzP1_TUlN9Hkc5m5WOs4q7Vlk_D9iZ6Pdy2VPDazWTNSqgufZ9u35MuB7IjMSg-GpggWlIqyb1xOCsBg.WsXx8O4zoruqj9tbLFTV3yoXRUm54JZK9DDlmfZsJQw&dib_tag=se&keywords=Lenovo+Intel+Core+i5+Processor+%2812th+Gen%29&qid=1753214249&s=electronics&sprefix=lenovo+intel+core+i5+processor+12th+gen+%2Celectronics%2C87&sr=1-4 ,
17,HP,4,907,87,14.17,AMD Athlon Dual Core Processor,8,256 GB SSD,64 bit Windows 11,305.99,https://rukminim1.flixcart.com/image/312/312/xif0q/computer/l/6/o/14s-fq0568au-thin-and-light-laptop-hp-original-imaggdzyrdf7hbkr.jpeg?q=70,https://www.amazon.com/HP-Include-Processor-Ethernet-Recovery/dp/B0FBJ63Q64?th=1 ,
18,ASUS,4.3,11170,1101,15.75,Intel Core i3 Processor (10th Gen),8,512 GB SSD,64 bit Windows 11,419.88,https://rukminim1.flixcart.com/image/312/312/xif0q/computer/e/1/7/-original-imag3ebnzawky4kn.jpeg?q=70,https://www.amazon.com/ASUS-Vivobook-i3-1005G1-Processor-Conference/dp/B09JDS5DQV/ref=sr_1_15?crid=300YN182ZNFQN&dib=eyJ2IjoiMSJ9.ql3-2tnHCnWA_ZCGa0dHmgvrk01u_--EErFsNgf33C3OnpZ0YFpFFEsGCqb7zF5id6gVy5Vx9UTQQEOCpRXc0viIOIerIcEr1YpcHE5rbz5WHDxqfsZBV-Vkxv6iMzO4x0Jlm7p9dCAwH4-amcW3c_f2aaRflhloOgniP8Y-ccqtQBnEuStQ1LuhB-V5PE6Rum5ZhZc0q6MwDsVQFvFn_OLV0ObxYiib112Nr7mvZ9jQElGj4F_UpbOmPSgrk7AotJfsBuLmqkfby-otEEGcT9JSs2vQzkgIZSNUm92N4Ik.CYm6cjBPHpVNprXbCIAfk_LwWwrlMDz9eXbImMwfFWs&dib_tag=se&keywords=ASUS+Intel+Core+i3+Processor+%2810th+Gen%29&qid=1753217737&s=electronics&sprefix=asus+intel+core+i3+processor+10th+gen+%2Celectronics%2C90&sr=1-15,
36,APPLE,4.7,58,4,13.78,"Apple M2 (8-Core CPU, 10-Core GPU)",8,256 GB SSD,Mac OS,1355.88,https://rukminim1.flixcart.com/image/312/312/xif0q/computer/m/b/n/-original-imagfdf4xnbyyxpa.jpeg?q=70,https://www.amazon.com/Apple-2024-MacBook-13-inch-Laptop/dp/B0D84Z2ZD8/ref=sr_1_2?crid=2Q5PVQ3P4GEFL&dib=eyJ2IjoiMSJ9.WjuxAcS7lKbb1Km6u51xSCpsqh99hi7xO_JqGODO1itsTtDxgQTOTqWMQfqRVS5BpkHYh64M7YCZNmq7W25H6zaJYE8ELVFM5uA9qXsqenZfsLwAFaZjkhCPxcGgShCRS0jND120ZQjubji-dOSNNQk3yXoQGA_iY0J4lX61uMSEZfclyDxt1yO6gKKLtQsg1bxWXPc8HC-ME0eo2f7hlGrQgPYh9QX-lPAgWlYGTWHtFtVCAMoPR89LIxRzkkz5EEGcagPfJzlohlytug1mOfOSlDJBa7AhWuapAXKf7dY.NXE65XXTZF7kHXii3NWVbUCBVUa2GJtHY2jmv6WxFHo&dib_tag=se&keywords=Apple+M2+%288-Core+CPU%2C+10-Core+GPU%29&qid=1753220209&s=electronics&sprefix=apple+m2+8-core+cpu%2C+10-core+gpu+%2Celectronics%2C126&sr=1-2,
37,APPLE,4.25,2841,241,14.17,"Apple MacBook Pro 14″ with M2 Max (12‑Core CPU, up to 38‑Core GPU)",32,1 TB SSD,Mac OS,3718.8,https://rukminim1.flixcart.com/image/312/312/xif0q/computer/y/i/y/mphg3hn-a-thin-and-light-laptop-apple-original-imagmfhepavqyfyy.jpeg?q=70,https://www.amazon.com/Apple-MacBook-3-68GHz-12-Core-38-Core/dp/B0F6QVZ5WY/ref=sr_1_2?crid=3FBJLUKB7P5F5&dib=eyJ2IjoiMSJ9.wyBOCXEzQZH5LXZScOc8wKG8zK-a0QtA3kWBeZl6btxI5VUmVk4iuPkXsNsIn2VcjBRKXvAO9OpCp6MgmcHYeWY4kMpNmn7DBC50ZgBM4GCgDzVqa_IrnIVhRuqxTnKvFY9WVtdGLYhWEIl_gTtByQ.XeHlUmND0f15JKmLsmyi7B4CWyIokG_oAGY_TYs79Fg&dib_tag=se&keywords=Apple+M2+Max+%2812-Core+CPU%2C+up+to+38-Core+GPU%29&qid=1753220702&s=electronics&sprefix=amd+ryzen+3+quad+core+processor%2Celectronics%2C507&sr=1-2,
44,HP,4.3,280,42,15.75,AMD Ryzen 3 Quad Core Processor,8,512 GB SSD,64 bit Windows 10,492,https://rukminim1.flixcart.com/image/312/312/k7531jk0/computer/e/a/h/hp-original-imafpfs893zu5mhb.jpeg?q=70,https://www.amazon.com/dp/B0CLLMR9TH ,
46,APPLE,4.7,9278,829,13.39,Apple M1 Processor,8,256 GB SSD,Mac OS,1114.8,https://rukminim1.flixcart.com/image/312/312/kp5sya80/screen-guard/tempered-glass/o/v/n/apple-macbook-air-m1-13-3-inch-lightwings-original-imag3gh5xftgbpg3.jpeg?q=70,https://www.amazon.com/Apple-MacBook-13-3-inch-Storage-English/dp/B0CDHMGLG4/ref=sr_1_1?crid=MPQ3X6NBL3ML&dib=eyJ2IjoiMSJ9.K6TwAjQY6UdaedRj3htkoFwtH9x6C0-1Xa1LCezG0GHxcNuRnELXW4s97UhpWNGMOobzNV2iBeDXVgJUgclGgMYZHH84E9n3U3H2-eAc7haHUCCFAQv-N4fnewNRXEX3Zza6hsOqjQDPU5gURDVQKrm2dLIGbOEpOXf2wJ8qaX2-KWBJb5B50gLR8QPLdGur2wFYHFIVrwvtq3SQXsgJsPSVFZoQa8LXBx86kjNtVenqQwrxzh1xzS00s2HwO1LDe9jpsrp-yKZuNJ8Cxc3tf4Xm2Ut3Ufvkx-LTfcxZdSw.jFAzRRtLOoIBYw3k9LLXw14Fb5xny5AaBkzAenVszbM&dib_tag=se&keywords=Apple+M1+Processor&qid=1753221048&refinements=p_n_feature_thirty-three_browse-bin%3A23720419011&rnid=23720416011&s=electronics&sprefix=apple+m1+processor%2Celectronics%2C265&sr=1-1,
51,Lenovo,4.3,115,6,15.75,Intel Core i3 Processor (11th Gen),8,1 TB HDD|256 GB SSD,64 bit Windows 11,473.88,https://rukminim1.flixcart.com/image/312/312/xif0q/computer/d/t/c/v15-g2-alc-laptop-lenovo-original-imaghq2ffspmtfuh.jpeg?q=70,https://www.amazon.com/Lenovo-Laptop-Touchscreen-i3-1115G4-Processor/dp/B0CP8FZPL6/ref=sr_1_8?crid=1FVHUG64GM0E1&dib=eyJ2IjoiMSJ9.bt03p5cU0uWf1zl-nSDAkbmwsLfaotwR9xclpNUWpZARXUGNojS83s4hfsn3qFpehiPzaYQrhckfaHuraX28rtOp1nevKe_j3a6N9QOgAVtAf4ls9EF5w84YAC8oWB3PSh3TvYC7Wp59D6VC00WJmR37eEsCMQfN7tHXDJ9m13MfLmWpSqclUdnDtMD4SB6ArGdao_AIM4dkwAuzsQ6K_0KkQcgmMury8RdybvBAnKfzGAK35VKurU8JWoLPqsaWNGZAt8TQKF1bF9-xHv2qIbMIpcnouZufqXfVkucTZqw.rFCrEK_tdd_S00qQFWivZ7d_hxA1nbXAvwze_zL2-io&dib_tag=se&keywords=Lenovo+Intel+Core+i3+Processor+%2811th+Gen%29&qid=1753214009&s=electronics&sprefix=lenovo+intel+core+i3+processor+11th+gen+%2Celectronics%2C120&sr=1-8,
58,Intel,4.8,8,1,15.75,Intel Core i7 Processor (12th Gen),16,1 TB SSD,64 bit Windows 11,1619.88,https://rukminim1.flixcart.com/image/312/312/l2qhjm80/computer/p/i/1/crosshair-15-b12uez-gaming-laptop-msi-original-imageymuhhs7djjf.jpeg?q=70,https://www.amazon.com/Intel-Core-i7-12700-Dodeca-core-Processor/dp/B09NPHHSZ1/ref=sr_1_4?crid=3HHANIABKYWAI&dib=eyJ2IjoiMSJ9.gFM-oopmsxz4iK5MyucPqxkGN4kxjpYNpY99z6RecVxxLPEeuFCP3ZPA7QCbWwgvSUcSrutyvA3OncvrpaDrcmpnLv2blOCFau7qUsxL1925dAsPPBrmguoQ0Z00C1JSSUqlyGoBUaSdncP7HL8z3khtbY9qYO1DzsnR7q-PP8ETCllucL847TpYvqvm-cmijj2I0ZUJgmumSAanSFQye5x8ms-bDK6Yst6ICG80Xhfyi9EqlY7wy_fhmTfElr50hTdVuJDClaU39a0wk7eEYKz_mZzQYF1BNKzIlSRgVsw.CDv3q3GKt55DZIHu7oEuWwSD-YQWRGB6wKiNv2ug1ek&dib_tag=se&keywords=Intel+Core+i7+Processor+%2812th+Gen%29&qid=1753221354&refinements=p_n_feature_four_browse-bin%3A2289792011&rnid=676578011&s=electronics&sprefix=intel+core+i7+processor+12th+gen+%2Celectronics%2C126&sr=1-4,
72,ASUS,4.25,2841,241,16.14,Intel Core i9 Processor (13th Gen),32,1 TB SSD,Windows 11,3359.88,https://rukminim1.flixcart.com/image/312/312/xif0q/computer/b/r/w/-original-imagnychu4gdzhhk.jpeg?q=70,https://www.amazon.com/AMD-5500-12-Thread-Unlocked-Processor/dp/B09VCJ171S/ref=sr_1_5?crid=28QFAIUT141VW&dib=eyJ2IjoiMSJ9.VQGlrhRQ2hfsI-BiIO7t5IhHhLQabIHIztfYKgGPgXkFUvbEAw_YtlRpwJzVqAg6A1xeUnJD2JNSasAz0myTSUQxU5MemBuNgqLnAe84b6RnF-6i0q7cYuvGdIF0nj9kBBoEGsRil5oCNDsownGPIfr-ubt8Os9D8dtcjruTaHQ0DncbE_uZNlOE0IOdbdPYR503YB0vAO-DtiWJ69LlCWVu1O414YpFbuVU8ro8UkHY98bve3NCuO5h5ne2WIv_f0-6hr87TxPwKKt1Gv61iaSjAhCJjGN15gJgIfnfrwo.KqCkne1J1cuYhmcMZs7mpAX1DEr4aDiBKzV5_lAYczE&dib_tag=se&keywords=AMD+Ryzen+5+6600H+%28Hexa-Core%2C+up+to+4.5+GHz%29&qid=1753222453&s=electronics&sprefix=amd+ryzen+5+6600h+hexa-core%2C+up+to+4.5+ghz+%2Celectronics%2C80&sr=1-5&xpid=XS5K9Ala0xQR_,
73,Intel,4.4,983,109,15.75,Intel Core i7 Processor (10th Gen),16,1 TB SSD,64 bit Windows 10,1121.88,https://rukminim1.flixcart.com/image/312/312/ktszgy80/computer/a/4/a/gf65-thin-10ue-410in-gaming-laptop-msi-original-imag72h6wn7ktgzy.jpeg?q=70,https://www.amazon.com/Intel-i7-10700-2-9GHz-Desktop-Processor/dp/B0883NPRL9/ref=sr_1_10?crid=317ZACXXPJ3QT&dib=eyJ2IjoiMSJ9.Pc2Gtf25TpfUtuxS-OSlrq6N7iEw3FfV5Mv4KbWFh1hJkN0cUDLofeov5fh1xOqQMvWzH7sMM8Mn2ITV6kQd_1OPqqY_81yBRiyVvSl2hKgpRmjstvWZnB0FlQKTIBCPbtJ_0JnMbA6dlOHqUjBwS0GZfjdwuRumJLUpjV5SHJNnvdSGK7tXAg8omKv1cuNT_q0XPLAv9-54IrHh1_QdHH5hhCldDj4vPTa3W0Md2F-A5PJVF8Bt4of44w8IU5MiDbMoYoDSh2uK9ZA22ezXIGdVzZ8PtO6RwZIC13Mi_Uc.ANMlRLoWXiq1vrI9cde9FOW368jCSbtTY-Ko-hODhqc&dib_tag=se&keywords=Intel+Core+i7+Processor+%2810th+Gen%29&qid=1753221396&s=electronics&sprefix=intel+core+i7+processor+10th+gen+%2Celectronics%2C130&sr=1-10,
84,HP,4.25,2841,241,14.17,Intel Core i3 Processor (12th Gen),8,512 GB SSD,Windows 11,689.88,https://rukminim1.flixcart.com/image/312/312/xif0q/computer/y/b/m/14-ek0137tu-thin-and-light-laptop-hp-original-imaghqbze3zrxx6t.jpeg?q=70,https://www.amazon.com/Intel-Core-i3-12100-Quad-core-Processor/dp/B09NPHJLPT/ref=sr_1_1?crid=1FVHDXUEC7PE&dib=eyJ2IjoiMSJ9.tVM2wfLN2IQGE-ubHsghz9M22AXJXA_LCcX5w70pgkX5OWRTDSPFpB5N-RX0sKWmCxSB8EKOgZLd0bLTDgtuKkpnKoyUwRYfCBHENRZ6wAO7ryArHRXbPqUO00mhNZ96cxhMXU3TRKvP7tqC8gZ4sOsvUSPd2GoXmLk4cAqDJp1WbWDYqL-So7cvEBuZMgahf1SUMxQlFQKYp0JSznm-OYKAsP1WptRJxKoWy0PbD80uGNY4IRF1V2ZVwCjNqGuFN0h2SoumXfAQmrnZfgD4hSFEqgkSLbgwALnLC8l5SE8.rld9rvA-CCX9sjsndqPKBOtkzmdd0F87lK0_HKPcWMM&dib_tag=se&keywords=Intel+Core+i3-12100+Processor+on+Amazon&qid=1753210907&s=electronics&sprefix=https+%2F%2Fwww.amazon.com%2Fhp-include-processor-ethernet-recovery%2Fdp%2Fb0fbj63q64%2Celectronics%2C229&sr=1-1 ,
86,Lenovo,4.2,700,77,15.75,AMD Ryzen 5 Quad Core Processor,8,512 GB SSD,64 bit Windows 11,527.98,https://rukminim1.flixcart.com/image/312/312/l4vnbm80/computer/i/f/f/15ada7-thin-and-light-laptop-lenovo-original-imagfzzxmhfgzysy.jpeg?q=70,https://www.amazon.com/Lenovo-Quad-Core-Processor-Classroom-Compatible/dp/B08HHPNP42/ref=sr_1_4?crid=1QD28NX6E39KE&dib=eyJ2IjoiMSJ9.So8I3tvKxwP_j1lW8czO2-TjcIAKmsgN1mbN1eXksSXm7UPGwh6QUD-0eR5JupDmUsZw3o6wPRXSu5g5lEzjDu_NpgKwTD81NDLefnR5wSkYfiwGJseIqx_f3zg26gRoI9fq7PqzwYiqDnDzw6k_qO6jrxj7-IWs67A6MOjviMkW_jHi0ROBCdueWdEO6Ht7RuOBwDOWOLcfzpLlc-VGBdOHxINPj51N9xRSI76_dVksQSYHF4ecsenMpVXrB7VdLyL5GylEcfFigMFjymaYC-Yi-vLOY7nJfko3eDNAh9Q.M5_KOqvyx5X2F_NuP5os5eN4ltPcJNJxuMcY6mfw0X4&dib_tag=se&keywords=Lenovo+AMD+Ryzen+5+Quad+Core+Processor&qid=1753214303&s=electronics&sprefix=lenovo+amd+ryzen+5+quad+core+processor%2Celectronics%2C84&sr=1-4,
88,ASUS,4.25,2841,241,16.14,Intel Core i9 Processor (13th Gen),32,2 TB SSD,Windows 11,4379.88,https://rukminim1.flixcart.com/image/312/312/xif0q/computer/y/g/i/-original-imagnychnjhpg5y4.jpeg?q=70,https://www.amazon.com/ASUS-ROG-G16CH-i9-13900KS-Processor/dp/B0DGWGG826/ref=sr_1_5?crid=17W9J6XFM4UV4&dib=eyJ2IjoiMSJ9.QAjFH93EHqBI0H7GF5CxILKL02euHRDGt8D4Q9w-I8d0Sk0Nby7_bIElvKqde68N3B9IP9635QSS4FRvoOyLywNsXEpbk5FvE3Ua5E3XHZf83fakyeyUwpZMA3oPVY7P-5BUtWFuYvkvgNSWub2qNhEljNCkEA9iIu-44CrsU6_9rbaVvRoC4FPplTaTK478LlZc9LeDL307I76K8Zf0a2OAGZzsTuhiCmzHjhxzfWRyt5szus2Pmm00iJ_10uoN5AbwH7H1C-xTAu5O6MdB2GQO-ol-XJVnKG4BkJrlhz0.rzXoH-mPBcgndNwBf4IUxtaKFMxVlA61b4fCX4Oyc3Q&dib_tag=se&keywords=Intel+Core+i9+Processor+%2813th+Gen%29&qid=1753222629&refinements=p_n_feature_four_browse-bin%3A17927742011%2Cp_123%3A219979&rnid=85457740011&s=electronics&sprefix=intel+core+i9+processor+13th+gen+%2Celectronics%2C127&sr=1-5,
93,ACER,4,749,73,14.17,AMD Dual Core Processor,4,256 GB SSD,64 bit Windows 11,274.8,https://rukminim1.flixcart.com/image/312/312/xif0q/computer/h/u/b/-original-imagg2vnsrgrfkmz.jpeg?q=70,https://www.amazon.com/AMD-Athlon-Windsor-Dual-Core-Processor/dp/B003RXOMJW/ref=sr_1_9?crid=3VSM3TYYK8NT9&dib=eyJ2IjoiMSJ9.2lq1tiTkRPlh0iJVCJCOr0zHHFdzb12j-81ZMt91HV9LjL3xblvRDBA5ay-kFpdpEcGDuTL3r3jRXT_dQyjm75TpRwexCYoG3MGjDfBJdV_ngAgVhuej71JfRDuBzG8jw4DO66YUJnOTeuIbP6N_z8KSfn2AUjT3kBfVaEX80Q6oGOzuV2FafFviDRgDVjx2QLQPqprZm_kNGffDCd0b9nf5uNea_UzZ0at2K1tqSR_8RUmwfgH3KOIGaWb5Dfh5HqFYVPa_GPIsMlYxs-bA_hy26-3TjTRULO4XU1SqFjY.d4ikmuORz_nVlLCKV6Efbbmvqm_5joAtuQW8fIunLaQ&dib_tag=se&keywords=AMD+Dual+Core+Processor&qid=1753222711&refinements=p_123%3A341127&rnid=85457740011&s=electronics&sprefix=amd+dual+core+processor%2Celectronics%2C111&sr=1-9,
100,ACER,4,2049,202,14.17,Intel Core i3 Processor (10th Gen),8,1 TB HDD,64 bit Windows 10,461.88,https://rukminim1.flixcart.com/image/312/312/ksyz8280/computer/b/7/0/na-thin-and-light-laptop-dell-original-imag6f5zes6jhdzk.jpeg?q=70,https://www.amazon.com/Acer-A515-55-35SE-i3-1005G1-Processor-Fingerprint/dp/B08HN1WDWZ/ref=sr_1_6?crid=K088WAHEGMJ5&dib=eyJ2IjoiMSJ9.VtQBEMNGtMNKFTegsf2ialZcZ_UZdS5JqrggvYi0jdhq5UqHiHNpRjAfRTQhMi071MiyqJLN3JRuy8E8iMiGlCjdjiTekZAOPRRdmeWjrAQqXJXtime_J3HFLWQzkjrXXuD0CJ2ZNA3LCJ9LKB4nE8CIG54ysYw2ytlMDKWfnwo4EOeYdEryjFz1F-i8KdSNMJwNGubg9EU7BQJMadJpMUzKgxu6P96xZJGdvWzJeq1kgM_6FWGgjrbRikvCunWtMdvuQgx6VMIyFU8LGX8ep6SXyUEoeUg4XCUrj6uO48Q.V8XQ-Bf-OAIPl9zk4sLN2iRXKPSgMxeXwEizyHNxAiM&dib_tag=se&keywords=Intel+Core+i3+Processor+%2810th+Gen%29&qid=1753222845&s=electronics&sprefix=intel+core+i3+processor+10th+gen+%2Celectronics%2C97&sr=1-6,
108,ASUS,4.25,2841,241,14.57,Intel Core i9 Processor (12th Gen),32,1 TB SSD,Windows 11,1919.88,https://rukminim1.flixcart.com/image/312/312/xif0q/computer/m/9/g/-original-imaghrfhqeqntfzz.jpeg?q=70,https://www.amazon.com/Intel-Core-i9-12900KS-Hexadeca-core-Processor/dp/B09RWL74GY/ref=sr_1_2?crid=O14ZL5Q5QL8T&dib=eyJ2IjoiMSJ9.sVdSdhpIoO4JvMIi0zD6US4UJPy_9evom9VbYl7Q-YCXHJxtyZImjZnJwN8rCPn45yd6v1WtTo0Nt7DTSHT9FTsu24okZPYeAxAFroeAzLMrtT_Z9dxKLv5EzOqoeaTewpRJ5oIRs2hPrjuaFtUk7jrVwcM4ndIADf14JNth6Z-6a0LpEyPAxh1JewlaQSiorhqhTHEwZ6sy-nbB8RDWcKk3jjLYzcm9MRZLynRcw1PftCvk_iuHyQ2Wfklmp1cnuvEk-c9TTrEceNXs0zYw8EA2SwVLqN034psNqUh5j5c.kdnBboar_nPNqD3-JtFOU1HPaEBAdOvK66GW8iVY__g&dib_tag=se&keywords=Intel+Core+i9+Processor+%2812th+Gen%29&qid=1753222897&s=electronics&sprefix=intel+core+i9+processor+12th+gen+%2Celectronics%2C94&sr=1-2,
113,Lenovo,4.25,2841,241,15.75,AMD Ryzen 3 Quad Core Processor,8,256 GB HDD|256 GB SSD,Windows 11,431.88,https://rukminim1.flixcart.com/image/312/312/xif0q/computer/h/4/p/v15-thin-and-light-laptop-lenovo-original-imagmm9wydypwjr9.jpeg?q=70,https://www.amazon.com/Lenovo-IdeaPad-Convertible-Quad-Core-Processor/dp/B08ZCMG7ZQ/ref=sr_1_27?crid=1JLLPFPD6BI7Q&dib=eyJ2IjoiMSJ9.vKGGn8_BK9iD0Z5zK1hFzi8i-RspRHHxYoDBY8pmmAvGjHj071QN20LucGBJIEps.3os3tKVIhiZ4Cmz5zxxy-vbRnr-2OxjxXXYee-HCw5g&dib_tag=se&keywords=Lenovo+AMD+Ryzen+3+Quad+Core+Processor&qid=1753214545&s=electronics&sprefix=lenovo+amd+ryzen+3+quad+core+processor%2Celectronics%2C81&sr=1-27&xpid=ZBlw21xyrGCyz,
121,ACER,4.5,481,73,15.75,Intel Core i7 Processor (11th Gen),16,1 TB HDD|512 GB SSD,64 bit Windows 10,1151.88,https://rukminim1.flixcart.com/image/312/312/ks7tuvk0/computer/i/e/z/predator-helios-300-gaming-laptop-acer-original-imag5txxsjgxh47z.jpeg?q=70,https://www.amazon.com/Intel-i7-11700K-Desktop-Processor-Unlocked/dp/B08X6ND3WP/ref=sr_1_1?crid=Q5OVT6VLWP1C&dib=eyJ2IjoiMSJ9.07qV1LoLm7RxuiTgVoiZ6tqv1PE9PC895RuH1eUWuhzGqvTy5Qx8687I9_rUECJQsXUU6FkpiR_uySo51DgFEQYiUL4P_ZBIrlG-Z7B-OAM0cMZHDnU4AYzzfFyp7SNxTtkfBm3a0gVkffv4y9qJj3o3a0MyOguKuoEkOTRW42dhOaotdZeMWV-HMZ8WCFwaA9ON-N0_8VEuD1YSTTG5Ld9piOtuWE51zPU0vYjJUHUAmhm8BV9JRr6RWDCcEZ4JKdt8uG-9y5fMX3XCBl7TPqSXyUEoeUg4XCUrj6uO48Q.q45Y0fgsNeyHxdiPnvkq33OND4UIPDTTEvB3rSAQAVs&dib_tag=se&keywords=Intel+Core+i7+Processor+%2811th+Gen%29&qid=1753223060&s=electronics&sprefix=intel+core+i7+processor+11th+gen+%2Celectronics%2C82&sr=1-1,
125,ASUS,4.25,2841,241,16.14,AMD Ryzen 7 Octa Core Processor,16,1 TB SSD,64 bit Windows 11,2063.88,https://rukminim1.flixcart.com/image/312/312/l59xq4w0/computer/w/e/b/gv601re-m6012ws-gaming-laptop-asus-original-imagfzchctgpefz6.jpeg?q=70,https://www.amazon.com/AMD-Ryzen-7800X3D-16-Thread-Processor/dp/B0BTZB7F88/ref=sr_1_1?crid=1TRZCZIV29RE3&dib=eyJ2IjoiMSJ9.hs8ZjhfxdFhr2YEgR9IZ3IN2zuay2S0Ou-qaZp0ofwdEkVUJkP8qS41Yx2mENFyqZH9h8AvFhIYbGQGnDSBVX4cCHDZlYJK_QUjXQ71C5K1Z93G5ilYTU8Q2-8gZGQ6dMfZ8MyuNDmb6Avo9b2oug1wxnBkJ-x9zxhsyc_SHtRl_rwRa_QZq_O9LDOauuX0p-Q1noe_6M4NjQm32oAN2J2kXk7xWGUlDokBp8eXrriLf3z4v6y_xj35iBvo3Ghq_j4TZWYcO67i2_dtuW2esHwXiaGVv8G4OO9n9qUt76mw.MwI2j7He1w23w7CGVdbpc93Gs9rJfeH3vO_2LFM7veI&dib_tag=se&keywords=AMD+Ryzen+7+Octa+Core+Processor&qid=1753223390&s=electronics&sprefix=amd+ryzen+7+octa+core+processor%2Celectronics%2C86&sr=1-1,
134,HP,4.253596615,2841,241,17.32,Intel Core i9 Processor (12th Gen),32,2 TB SSD,64 bit Windows 11,3587.88,https://rukminim1.flixcart.com/image/312/312/xif0q/computer/o/j/i/17-ck1022tx-gaming-laptop-hp-original-imagg24gfaewgdzf.jpeg?q=70,https://www.amazon.com/Intel-Core-i9-12900-Hexadeca-core-Processor/dp/B09RPF28CG/ref=sr_1_6?crid=36Z5TQUC8U1SQ&dib=eyJ2IjoiMSJ9.sVdSdhpIoO4JvMIi0zD6Uf-eRVjhPb3MM6h-lkXLAr6kAJWY7MH2jR27zrquV3LuQlRWNr7fvQ9lMUxCW8iBw2s73xJGUdaHLFticjkGiGj9l-v6oFh70JyO6IcPBI_hzYMcDFeA_KeZ69MmN2LSXk2qnk8QSq61o8jcq8iQY-7UQfMKvYVEIjvEBuAiolEtIZN4-TfTer84ZFtDF935jbSpIYBWbUAA37wQY_n2eQDYNl1o9PX9VB8zxAntBQk0ldnbJ4Es0lUqx7eiU_TP1Ly309S5IQ7UL2uM8DnO-vE.meG_ElVnqPd2cCGkVt4fAXQ_Px_jR8RTGSc20OGX4IE&dib_tag=se&keywords=Intel+Core+i9+Processor+%2812th+Gen%29&qid=1753211380&refinements=p_n_feature_four_browse-bin%3A17927742011%2Cp_123%3A368902&rnid=85457740011&s=electronics&sprefix=intel+core+i9+processor+12th+gen+%2Celectronics%2C321&sr=1-6 ,
149,DELL,5,4,0,15.75,"15.6"" Touchscreen Laptop – Intel Core i3‑1215U",8,"Graphics: Integrated, Keyboard: Backlit Keyboard + Fingerprint Reader","Display: 14.0"" (35.56Cms) FHD+ WVA Truelife Touch Narrow Border 250 nits",680.99,https://rukminim1.flixcart.com/image/312/312/xif0q/computer/e/k/e/-original-imagkz7pm2gzedte.jpeg?q=70,https://www.amazon.com/HP-Touchscreen-i3-1215U-Processor-Windows/dp/B0D3FLF2FP,
162,APPLE,4.253596615,2841,241,16.14,Apple M2 Pro Processor,16,1 TB SSD,Mac OS,3238.8,https://rukminim1.flixcart.com/image/312/312/xif0q/computer/l/o/a/mnwc3hn-a-laptop-apple-original-imagmfhegkrgcnhp.jpeg?q=70,https://www.amazon.com/Apple-MacBook-13-inch-Storage-English/dp/B0BZTGRZCB/ref=sr_1_1?crid=IUIUYTWD88YI&dib=eyJ2IjoiMSJ9.9eObm3ZUCY6uc8tfmrAp1Pc1GJ2kRwYghANrNBoqiP3EH3WldOWwljdExBC0YtiiPJlCFktPG6xtvqbjFl45FxL902g2O0--YgOEjJgnfPYuAj8uAlbyznlYB_iYzAMe1Tttadk2GI9JMjJLkzPMi-CgTf2kGpmFfZ-PSz2p6TNiHIXH1TyvPaOK-WJmgmOWmbDq_krUHViSFxnsXkKRzJEBejlCRbFsyPnH73UVI-PhqefCwxadzUPNJqO0NCBeNKWPRw1MFs1yXmQHQ4qO2bHBjfK6p5UbDYTEx2BPOxA.WufsN5wa8CUMAsqfHbXD4HIzyn9e7KMsQ9LOU4TAe98&dib_tag=se&keywords=Apple+M2+Pro+Processor&qid=1753289312&s=electronics&sprefix=apple+m2+pro+processor%2Celectronics%2C149&sr=1-1,
168,APPLE,4.3,13,5,16.14,Apple M1 Max Processor,32,1 TB SSD,Mac OS,3958.8,https://rukminim1.flixcart.com/image/312/312/kuyf8nk0/computer/3/n/s/mk183hn-a-laptop-apple-original-imag7yzkbgbwvwq3.jpeg?q=70,https://www.amazon.com/dp/B09JQRGJF3?th=1,
178,DELL,4.253596615,2841,241,17.32,Intel Core i9 Processor (12th Gen),32,1 TB HDD|1 TB SSD,64 bit Windows 11,4019.88,https://rukminim1.flixcart.com/image/312/312/xif0q/computer/s/g/r/alienware-x17-r2-gaming-laptop-dell-original-imagjh6whbhgguhg.jpeg?q=70,https://www.amazon.com/Intel-i9-12900K-Desktop-Processor-Unlocked/dp/B09FXDLX95,
188,DELL,4.1,33,7,15.75,Processor: R5-5625U (2.30 GHz up to 4.30 GHz),8,Software: Win 11 + Office H&S 2021,"Display: 15.6"" FHD WVA AG Narrow Border 120Hz 250 nits",629.88,https://rukminim1.flixcart.com/image/312/312/xif0q/computer/o/u/x/inspiron-3525-thin-and-light-laptop-dell-original-imagg42smhwrtf3g.jpeg?q=70,https://www.amazon.com/AMD-5500-12-Thread-Unlocked-Processor/dp/B09VCJ171S/ref=sr_1_5?crid=6BFZOM74DKZ5&dib=eyJ2IjoiMSJ9.vcjh98wfbebADz505M-Zk6fmbaKMPBSMIuVVe3gvAIKnysAu5he7Tso1PlNRxeX0xwt7M2XRgwdjTxr7LjX3J0xVp4eYcaiPMpJY-cNRv5NxPWu5bhaepMgQM-H6qZTazyXUZ6MkE6wESZtLvcH8DNOkrbFew-GaRAou-X4fa46lfRCZJ4hhgd2wOGrDuQOwvHj_FUX75Rt10655sODOpCjkUp2zDSvuxgC3U3hxc1DBiAbH4aS7j3UuxA8QZguMrDIABboiy8ipTrao7hZxXyJEbsdoU4HXx-8VxRGQp0U.8r6MATc2QshOsLqm12IolWRRCc17lU3Aobl2j6K5tew&dib_tag=se&keywords=AMD+Ryzen+5+5625U+%28Hexa-Core%2C+up+to+4.3+GHz%29&qid=1753295868&s=electronics&sprefix=amd+ryzen+5+5625u+hexa-core%2C+up+to+4.3+ghz+%2Celectronics%2C148&sr=1-5,
204,ASUS,4.5,127,7,15.75,Intel Core i5 1035G1 (10th Gen),8,1 TB SSD,64 bit Windows 11,791.88,https://rukminim1.flixcart.com/image/312/312/kz4gh3k0/computer/n/e/x/fx506lh-hn258ws-gaming-laptop-asus-original-imagb7hfzhmv6v9y.jpeg?q=70,https://www.amazon.com/ASUS-VivoBook-15-6-Touchscreen-Notebook/dp/B08NCWJ4LC/ref=sr_1_3?crid=1RIO3T3AV9MFY&dib=eyJ2IjoiMSJ9.cTywdtGWsbOCf6ZYBF1jrGSlYKKWFExFU3fcs7t0tHK5vSHFuH4Ps3aYhMAtaz_bE3fMLcV-CHFNJ8nUAZ5vYXk6bwO1F8SY15fazLULxLR1p-lDLXwGeh6N1Q_SPy6Srmt-x6CzqWB4KW2wsVQlXpC3kovKzgp_qIwlTvmsreJCaIXxRBscYoBMCxEFlT6GY0c8TjE3zErSftj4zNVvDy3NfrkwDIYkpTXYoTTk10c.elQ7Pq8PtsQ6kNi4L_ja1rHm3bq0E-qg6OL2HTCgKEA&dib_tag=se&keywords=ASUS+Intel+Core+i5+Processor+%2810th+Gen%29&qid=1753296274&refinements=p_123%3A219979%2Cp_n_feature_four_browse-bin%3A2289793011&rnid=676578011&s=electronics&sprefix=asus+intel+core+i5+processor+10th+gen+%2Celectronics%2C206&sr=1-3,
210,HP,4.25,2841,241,14.17,Intel Core i3 Processor (13th Gen),8,512 GB SSD,Windows 11,623.88,https://rukminim1.flixcart.com/image/312/312/xif0q/computer/x/c/t/-original-imagnqmw7fsskcr8.jpeg?q=70,https://www.amazon.com/HP-G9-Computer-i3-13100-Processor/dp/B0DZDMR2XJ/ref=sr_1_10?crid=4T4HGT3ZFOF9&dib=eyJ2IjoiMSJ9.5hKoZ4GjRI6JlUnZLxPF0R-YSsIAYtXRKB4z667XZkylXIGoFZLHbrk0l82TQpthRcocFe_l5J3rfgmwitYGRL2HhtYOZ55BioIkXN-LGKbKPt7lpph_vY-vDhZ_terN6WXIBPWYLQXnTZKW6WG8o6wumwbW1VcUQ4lHoAnmC4X021enTOOYdSTvau6MO7hSs2EI44gkkjjKP1L66O-_v3Pix1KWtP0MAVS9-kBiA8LTLAkz5NRqPTw-lR-Zq6l1tOW2DLCnvnsmiZCwCTOS5S7IygXiHYFsePb726f4WhQ.Gb1or47DPkxxFn3uhX5SOVKJBqrID6eFCmme43gGeJc&dib_tag=se&keywords=Intel+Core+i3+Processor+%2813th+Gen%29&qid=1753221630&s=electronics&sprefix=intel+core+i3+processor+13th+gen+%2Celectronics%2C85&sr=1-10,
232,ASUS,4.2,26,2,15.75,Intel Celeron Dual Core Processor,4,29.46 cm (11.6 Inch) Display,64 bit Windows 11,227.88,https://rukminim1.flixcart.com/image/312/312/l3t2fm80/computer/e/x/m/-original-imageuecggrzczd5.jpeg?q=70,https://www.amazon.com/ASUS-Chromebook-C523NA-DH02-NanoEdge-Processor/dp/B07QM1XJ8L/ref=sr_1_1?crid=3FVGKXG6W744Q&dib=eyJ2IjoiMSJ9._9wog0s5ulenEHTkTPa0E8X-9WWofI_ktKCCkQEk73YynJOKBcagvE8tx_eTSLc7UF1BbH768mOpN7Y-h_ODlheqmdUty6Su8tcxRryrSEMcS9IIHqELbtjNxvXU0ZpPCwiUrK8D1QGRRk54pSnB13OCE7rdwrkbyBEDQ1_7Lq7C53jEOZ0krXUN_gVyqcmCYcwR_E3E4O7RFJtu9FWjthmP4V31ubpchpFECy4Kdqeh9ohxcTEgzwQuehpYUan7oPfu3wmdeBez5robQ5u1VUBWSmIG_wQk0nWgO0Z0jSU.o613Tgowjc-AiIVicKSwwyDQhyAZoOHjfoG6WJdb4ZE&dib_tag=se&keywords=Intel+Celeron+Dual+Core+Processor&qid=1753296058&refinements=p_123%3A219979&rnid=85457740011&s=electronics&sprefix=intel+celeron+dual+core+processor%2Celectronics%2C155&sr=1-1,
234,Lenovo,3.6,87,16,15.75,AMD Ryzen 3 Dual Core Processor,4,1 TB HDD,64 bit Windows 10,377.88,https://rukminim1.flixcart.com/image/312/312/ktrk13k0/computer/r/f/g/v15-ada-laptop-lenovo-original-imag7fh6fufy5cjp.jpeg?q=70,https://www.amazon.com/Lenovo-IdeaPad-Narrow-Bezel-Dual-Core-Processor/dp/B08NSDYSQC/ref=sr_1_8?crid=169VG2RUS2NG2&dib=eyJ2IjoiMSJ9.CnQZ9ExCJsxd_3OIkE01Vhy-LD6FJiqDxuLbDBVMe1dPvTx8M-YclqSYQFvxs75u-WgzfGlw-Bl4Q9yttvyLIxfWhLOskiJwcrc9zZSBWxpurx-ikT7R3KPk3_kGyNfGobIYoWbfnBFc_2NdGolrQcUDKURnCkzsYQtCg3DxbGlEMMZgFCSNwt5bOTaL6SyP9s3INOy3BoOXuawdNXVj5xeTUb8Qh95DX_uP5qtVSQ_Y5RVSZ9nkXJf0-g47BxSxmb6OkYEDyviEYSYcBgNXYIcWhHAKA3SrbUd128Xkgk8.82ivhV1apVaeHz0qNMuGVO1-mTQbXnyfq4gFwuZwyU4&dib_tag=se&keywords=Lenovo+AMD+Ryzen+3+Dual+Core+Processor&qid=1753214675&s=electronics&sprefix=lenovo+amd+ryzen+3+dual+core+processor%2Celectronics%2C125&sr=1-8,
253,ASUS,4.3,3694,319,15.75,Intel Core i5 Processor (11th Gen),8,1 TB HDD|256 GB SSD,64 bit Windows 11,605.88,https://rukminim1.flixcart.com/image/312/312/kp2y2kw0/computer/y/0/c/na-thin-and-light-laptop-asus-original-imag3ebnzawky4kn.jpeg?q=70,https://www.amazon.com/Intel-i5-11600-Desktop-Processor-LGA1200/dp/B08X5XWNTB/ref=sr_1_2?crid=1QE0ZVAJ6U2M8&dib=eyJ2IjoiMSJ9.ySG-OOoT4pyJcmW8L9sKwpcaL-p5JIMsvBQjo9W2cyTxlG6a_3lZbAZBTbYjbD_IInMX9ckD5iq3qv5tzphNajvVOfsm9C6l67gPiD9T7D0CHz6uv-5W82iJM19gnt1kZs0SHYrUpy0Xm5oJnsFREbOPcSUbTq54Rtnlb24Xlbxp3_Gtx2n3IcXQEiVNrqnApYnvFhiF-oyFcAHVP_Osg0aJkoKYY2CNlolmO18sEdSrxvNTakKIVLoXKvHjCbg3502M74QzEh7iCYVIcv9nOcNv9qYbvK_oRuSdl_N00PY.TQt2W5nGmqk1yk18UY0rMPFkOP3gPXpwt0ifnTHrnvo&dib_tag=se&keywords=Intel+Core+i5+Processor+%2811th+Gen%29&qid=1753296135&refinements=p_n_feature_four_browse-bin%3A2289793011&rnid=676578011&s=electronics&sprefix=intel+core+i5+processor+11th+gen+%2Celectronics%2C80&sr=1-2,
261,DELL,4.1,115,11,15.75,"Intel Core i3-1005G1 (10th Gen, Dual-Core, up to 3.4 GHz, 4 MB Cache)",8,Graphics:Intel UHD Graphics with shared graphics memory,Display:14.0-inch FHD (1920 x 1080) Anti-glare LED Backlight Narrow Border WVA Display,515.88,https://rukminim1.flixcart.com/image/312/312/l44hyfk0/computer/o/d/w/-original-imagf35eyyeezqpk.jpeg?q=70,https://www.amazon.com/ASUS-Vivobook-i3-1005G1-Windows-Accessories/dp/B0CJF3GT31/ref=sr_1_1?crid=1VC8CVSD9QVC3&dib=eyJ2IjoiMSJ9.icWzVucV8cEzEBsdrq7yjXKQzqKAbzub4RAerPKZZvrdr7zFIC7mQRyuNz8R66nLI_pF3ijpWIbYbUpV4zVsQhUYaLNam7BGbNgwfum7zLhWv2LnehQzLRMO9enTLXZmWm70M8t4pPbDJNl6cKeZCF4T78bo73LvMu7ZX2-45zqWt471Ynk-P34RH-Ur3yL_4A4JUvKMSQuqjg69KrcdUDun5Ng75GDo30CkClnYc57LdltMlBFVLITduNpVmgW5Fut1JNCRFHjhSFg6JUZyJdjJHVK1_kh-pWXKu3fMst0.MJqOcScTtfjjt2GtDyLmcAz8Yeb2rj8_l2tcpZ6DeFs&dib_tag=se&keywords=Intel+Core+i3-1005G1+%2810th+Gen%2C+Dual-Core%2C+up+to+3.4+GHz%2C+4+MB+Cache%29&qid=1753296220&s=electronics&sprefix=intel+core+i3-1005g1+10th+gen%2C+dual-core%2C+up+to+3.4+ghz%2C+4+mb+cache+%2Celectronics%2C104&sr=1-1,
265,HP,4.25,2841,241,15.75,Intel Core i7 Processor (13th Gen),16,512 GB SSD,Windows 11,935.88,https://rukminim1.flixcart.com/image/312/312/xif0q/computer/b/y/7/-original-imagnqmwwaznaz5e.jpeg?q=70,https://www.amazon.com/HP-Computer-Anti-Glare-Processor-Bluetooth/dp/B0D34XBXZ1/ref=sr_1_9?crid=3IDAWXJ8AYB5Y&dib=eyJ2IjoiMSJ9.D0iNTIf7TNTaAkSGJWA-lM-Y6S7armGz4CG0NWWPYm31XYZcolmh0-ZEsxINlT8ErhHPtMj24bnw2YSmV5z9HT-qVqM0pypcZ8aua5nQnvj4KIhTnDULXFfnBn9k6dIDgWvPJUM84R4u-KjnrOAk1tDzaTtzlf3FzXeCmkTw4ip9FhV5H0QmT3mFxNT1zh2j7ToxAXhNfN739O1FKv5UB2rU1rAxnJOMwKpPluFUBPAohuiceL1x-ygBL53Gc32gqtkBycWKqhdJgqY6S3IYy7ndBeie9tLZGz0U9IS_z0M.T6jG30b20X-i1fPT6kMgloHxdnz89NUWyGrovCnhtE0&dib_tag=se&keywords=Intel+Core+i7+Processor+%2813th+Gen%29&qid=1753221585&s=electronics&sprefix=intel+core+i7+processor+13th+gen+%2Celectronics%2C102&sr=1-9,
269,Lenovo,4.1,340,32,15.75,"Lenovo Laptop – Intel Celeron N5030 (Quad-Core, up to 3.1 GHz)",8,Software: Win 11 + Office H&S 2021,"Display: 15.6"" HD AG Narrow Border",384,https://rukminim1.flixcart.com/image/312/312/l1dwknk0/computer/3/w/s/inspiron-3521-notebook-dell-original-imagcyrhxaybghra.jpeg?q=70,https://www.amazon.com/dp/B0BRFFPG4Z?th=1,
270,HP,4.5,757,106,15.75,Victus 15.6″ FHD IPS 144 Hz Gaming Laptop,8,64 bit Windows 10 Operating System,16 GB DDR4 RAM,1067.99,https://rukminim1.flixcart.com/image/312/312/kmxsakw0/computer/f/g/t/na-laptop-msi-original-imagfq9cthg4wxwh.jpeg?q=70,https://www.amazon.com/dp/B0DDW3GQ1C?th=1,
273,DELL,4.25,2841,241,14.17,AMD Ryzen 3 Quad Core Processor,8,256 GB SSD,64 bit Windows 11,454.56,https://rukminim1.flixcart.com/image/312/312/xif0q/computer/m/j/s/vostro-3425-thin-and-light-laptop-dell-original-imagjhbg6gyyc5j8.jpeg?q=70,https://www.amazon.com/AMD-Ryzen-3200G-Unlocked-Processor/dp/B07STGHZK8/ref=sr_1_4?crid=3G4OF0HEHU8YE&dib=eyJ2IjoiMSJ9.dAE_2hNoHF1moWOV0zigELoQOyTwxZ2LLtsimnZK1cw_QIo9SIfv2ejhckrwin0w34dWU5jbnAJHoAkQwzdndDhZbxTwK0-Mz6_obaIX4IE3SHou3YCtdskeEeN3nmcjUHHsKHXf4eGbLZih-31Y59hLRZvyiBGt4FW5mQiQtbivqyjFupve7sWH2MqsoEBJrVkVhZHC-y53P8OI13ALNKjD5GZXUNUdLB6v1T9wPJnDHFNqrlAYM_ecbE_oubXxzDO9XTPg4o8swozHZQzOzqja-XwKHEio_-DNq5_yVKU.hbhXOraqHh5-GWyQixk6lqczzaU3WRA4JQgTPQ6M-BQ&dib_tag=se&keywords=AMD+Ryzen+3+Quad+Core+Processor&qid=1753296859&s=electronics&sprefix=amd+ryzen+3+quad+core+processor%2Celectronics%2C114&sr=1-4,
277,DELL,4.1,506,48,15.75,"Intel Core i3‑1115G4 (11th Gen, Dual‑Core, up to 4.1 GHz)",8,"Display: 15.6"" FHD WVA AG Narrow Border",Graphics & Keyboard: Integrated & Standard Keyboard,509.88,https://rukminim1.flixcart.com/image/312/312/l58iaa80/computer/q/s/w/inspiron-3511-laptop-dell-original-imagfycrbnpu2nbh.jpeg?q=70,https://www.amazon.com/VivoBook-14-i3-1115G4-Fingerprint-Keyboard/dp/B09NMMHWCY?th=1,
289,DELL,4.3,22,3,15.75,NVIDIA GeForce RTX 2070,8,Game shift key for Turbo boost of power,4-zone RGB keyboard with WASD and chassis lighting,1799.99,https://rukminim1.flixcart.com/image/312/312/kf4ajrk0/computer/q/8/5/dell-na-gaming-laptop-original-imafvn3yewuackzs.jpeg?q=70,https://www.amazon.com/NVIDIA-GeForce-Super-Founders-Graphics/dp/B07VDC5FDJ/ref=sr_1_15?crid=1Y1SAO2H3BOVW&dib=eyJ2IjoiMSJ9.rOpzZ1Kc3QubkjsSVQkIQ3YW0PMQbiXprQiwZTn3QD51D8pvkmGaasxGPAL4chjNb1E-8DVq5auLKHx9W-RYZe61AxUf84ulMsf-phJjKJcK41Mtcufba31M9DnIso3lpKWTsrf4ZJ9nu-3vNFcvIXJWqxkUEUFdcOEiJtaAalzaBDv4XOJ0GowIjG_bHmcBrOIaJ1pTuk6AOHqcsT_LQP4zy95zDaBylMwWDmBX4JTn2zHS7mC8k_W0nucZgFH07DnHkL9HcxgiesjxDWBHV-lcE9rW8_wQUM_PmbrkLXI.KjQrhbmyf-fGxHn5SAF6K-lqWdkIi7WMLPJdZd2EG4c&dib_tag=se&keywords=NVIDIA+GeForce+RTX+2070&qid=1753297735&s=electronics&sprefix=nvidia+geforce+rtx+2070%2Celectronics%2C92&sr=1-15,
298,ASUS,4.5,52,9,15.75,NVIDIA GEFORCE RTX 3050,8,Game shift key for Turbo boost of power,Improved thermal design with copper pipes & vents,898.68,https://rukminim1.flixcart.com/image/312/312/ku5ufm80/computer/x/4/j/g15-5515-gaming-laptop-dell-original-imag7chqvu3veeaz.jpeg?q=70,https://www.amazon.com/ASUS-NVIDIA-GeForce-Gaming-Graphics/dp/B0CVCG2VPK/ref=sr_1_1?crid=39KGCGC12C4GN&dib=eyJ2IjoiMSJ9.rVSqfM3Qk7oMX6Isi1g-VyOg0ndNwlE1DGEXkpnNK8dmYxFW_vdw7MWCfatsSizhU3qDtHRqmSs5Q57Rz01aum-HiOl_y09gseYq3tdSwj-9jkmPMfy6R_dC2g1Dpm_9zyridfqBcbRtxe-sqBGW121m-EZ-vCB_zqbY-asmc4MtfWG1tJebQ0lvlnNsmI9-U_a8kS5f2zEiR86VDS-pj6npnNnxE5SVr-kbslbOD4O111IiBFHndD7iOrFyzPHVacffshor-1fdyFjvafrtmMKX_kUdiGEdTB4FxgRByho.CbHCIzo8J3_ejzAUhEqM1DowxWsnjzpEMd_6qwG3eYw&dib_tag=se&keywords=NVIDIA+GEFORCE+RTX+3050&qid=1753219358&s=electronics&sprefix=nvidia+geforce+rtx+3050%2Celectronics%2C171&sr=1-1,
301,HP,4.4,13376,1431,15.75,12th Gen Intel Core i9‑12900 16‑core,8,64 bit Windows 10 Operating System,8 GB DDR4 RAM,635.88,https://rukminim1.flixcart.com/image/312/312/kp1imq80/computer/u/b/z/na-gaming-laptop-acer-original-imag3d63hk3h8nm2.jpeg?q=70,https://www.amazon.com/dp/B0DHB7N9VW ,
302,ASUS,4.25,2841,241,40,AMD Ryzen 9 Octa Core Processor,16,1 TB SSD,64 bit Windows 11,134.99,https://cdn.shopify.com/s/files/1/0603/1772/8854/files/231270771.jpg?v=1750578760,https://www.amazon.com/dp/B092L9GF5N,
303,Lenovo,4.2,974,75,36,Intel Core i3 Processor (11th Gen),8,256 GB SSD,64 bit Windows 11,279,https://rukminim1.flixcart.com/image/312/312/keaaavk0/computer/c/q/t/lenovo-na-thin-and-light-laptop-original-imafuzt873zgp9xe.jpeg?q=70,https://www.amazon.com/dp/B09WQGLJR2?th=1,
304,MSI,4.5,456,72,40,AMD Ryzen 7 5800XT – 8‑Core Desktop Processor,8,512 GB SSD,64 bit Windows 11,140,https://rukminim1.flixcart.com/image/312/312/xif0q/computer/t/r/z/alpha-15-amd-advantage-edition-b5eek-gaming-laptop-msi-original-imaghffgxvfmtcpg.jpeg?q=70,https://www.amazon.com/AMD-RyzenTM-5800XT-16-Thread-Processor/dp/B0D6NNDQ92/ref=sr_1_1?crid=IB6P7S6UAAV7&dib=eyJ2IjoiMSJ9.-JDGz7sswfVtFZqVL0SkwbpuctqkykG5nmmxWL_fgEf2OiaPw_ZJaEUFJatZJXHzWif3hCoCYJz5A9kMFTUFnm3tAkxdYDm-y5Wt2l1i-MrO2j1bI215fhEwvS5JXxfEcKEZY_kwQeF8dMLqdczIMBDKg4izelt-B3FKsDjj3Ybs9kDGGxpKnTi1qseMOneCSk5fMiOGvRLQe3EbNuxpFsqeuDkOAhls2Hs-lmK8aG2kAY2EnlDqDlyVqnpupxTCqMntAQjY9pJWw2vcdMwEUbrWsI7Jobrd-ANEqYkrl-w.cLxwOS0unaAlTs2yuSHlz8WNTowOHoSu5xJVB-rhm1w&dib_tag=se&keywords=AMD+Ryzen+7+5800XT+%288-Core%2C+Zen+3%29&qid=1753312609&s=electronics&sprefix=amd+ryzen+7+5800xt+8-core%2C+zen+3+%2Celectronics%2C154&sr=1-1,https://www.amazon.com/dp/9076842620
305,ACER,4.25,2841,241,15.75,AMD Ryzen 7 Hexa Core Processor,16,512 GB HDD|512 GB SSD,64 bit Windows 11,499,https://rukminim1.flixcart.com/image/312/312/xif0q/computer/w/w/c/alienware-x15-r2-gaming-laptop-dell-original-imagjh6q9spzzxmu.jpeg?q=70,https://www.amazon.com/acer-Aspire-Hexa-Core-Processor-Graphics/dp/B0CT8TF5ZS/ref=sr_1_10?crid=10DH76RJSEOUW&dib=eyJ2IjoiMSJ9.2TxTZGJdSLqsUVnP07xmBYhHhLQabIHIztfYKgGPgXliryrXOYZfF9DDNo0ePl1DcBm_JCpi0Q-qPZxSZw6I8usImrF0k--KFAppxloRfz0s1cJg2ifFNEGh-6-Pa2hRBSTasfkCPe3ulS_xCcrc7GKUtG02n_TSqSUyfa58OBqycwmd5U5WF3YVhdfnovCX-NUZw-BF5wTXDFqcNXUwxS_h9LeY9_5sZb9M4d6uy7yRdE-sY_LPyLpoixim2l3UeuyvblLqrAEeNrr1sjkoZL1OWjAFLAJNUidDdKRLWW4.M6jec92NFS7k-MXMNsEAMbbr5fn1KLVentwpba7nDK8&dib_tag=se&keywords=AMD+Ryzen+7+Hexa-Core+Processor&qid=1753218295&s=electronics&sprefix=amd+ryzen+7+hexa-core+processor%2Celectronics%2C138&sr=1-10 ,
306,DELL,4,51,8,40,Dell Latitude 5430 (i5‑1245U),8,512 GB SSD,64 bit Windows 11,140,https://rukminim1.flixcart.com/image/312/312/l26hdow0/computer/d/r/a/g15-5521-se-gaming-laptop-dell-original-imagdktezaswjvsk.jpeg?q=70,https://www.amazon.com/dp/B0BTZB7F88?th=1,https://www.amazon.com/dp/9076842620
307,Lenovo,4.2,31,3,40,Lenovo IdeaPad 3 15.6″ – Intel Core i5‑1135G7,16,512 GB SSD,Windows 11,279,https://rukminim1.flixcart.com/image/312/312/xif0q/computer/1/b/0/15itl6-thin-and-light-laptop-lenovo-original-imagkwgzafjp33es.jpeg?q=70,https://www.amazon.com/dp/B09WQGLJR2?th=1,https://www.amazon.com/dp/9076842620
312,APPLE,4.6,1162,126,34,Apple MacBook Air 13″ M1,8,8 GB SSD,Mac OS,112990,https://rukminim1.flixcart.com/image/312/312/khdqnbk0/computer/s/2/g/apple-original-imafxfyqykyghjg6.jpeg?q=70,https://www.amazon.com/dp/B08N5KWB9H?th=1,https://www.amazon.com/dp/9076842620
313,DELL,4.5,262,25,15.75,"AMD Ryzen 5 5600H (Hexa-Core, up to 4.2 GHz) Processor",8,"Display: 15.6"" FHD WVA AG 250 nits 120Hz Narrow Border, Backlit Keyboard Orange",Graphics: NVIDIA GEFORCE RTX 3050 (4GB GDDR6) TGP Up To 80W,898.68,https://rukminim1.flixcart.com/image/312/312/l0zm64w0/computer/e/g/8/g15-5515-gaming-laptop-dell-original-imagcnty69nhzy58.jpeg?q=70,https://www.amazon.com/AMD-RyzenTM-9600X-12-Thread-Processor/dp/B0D6NN6TM7/ref=sr_1_6?crid=3KHCQUBNNI2WQ&dib=eyJ2IjoiMSJ9.VZBeaPzw53NCWF1gjut5kfoVqaxp9BJjCVJRGIV5P_MXeB8_elU7LX_SY0qjW1Gh3I7zGuorqsCqGMD3f-AaCpjxSVkAFrm9lolHMZ47y7JkJkg9LMZwSZRpkr4IcJbd4m8cN5azoa1dwZ2lepTzfE8BXiSFM7QClh1iJoUADhDRVSj1-A9Zx94MQ-zsBaYKqhv4P2yg8_8sjmdXAwgwz6IxYyJB-eaVvy7G4EDshHyIDqTPa250ly4VgkE7a7oInW8Do02Cs2F1YXcWSI7_CqrktUoXkhIiC7bitZg7s_c.thOnaJnzQC2qtc4--AT0SI17laAdFnOPbG7uGsaKuA4&dib_tag=se&keywords=AMD+Ryzen+5+5600H+%28Hexa-Core%2C+up+to+4.2+GHz%29+Processor&qid=1753218486&s=electronics&sprefix=amd+ryzen+5+5600h+hexa-core%2C+up+to+4.2+ghz+processor%2Celectronics%2C150&sr=1-6,
314,HP,4.25,2841,241,41,AMD Ryzen 5 Hexa Core Processor,8,512 GB SSD,64 bit Windows 11,82990,96579,https://rukminim1.flixcart.com/image/312/312/l4oi4cw0/computer/l/t/q/16-e1062ax-gaming-laptop-hp-original-imagfgqgzbrzchfq.jpeg?q=70,https://www.amazon.com/dp/9076842620
317,DELL,4.4,139,26,15.75,Processor: R3-5425U (2.70 GHz up to 4.1 GHz),8,Software: Win 11 + Office H&S 2021,"Display:14.0"" FHD WVA AG Narrow Border 250 nits",454.56,https://rukminim1.flixcart.com/image/312/312/l45xea80/computer/m/q/7/vostro-3425-thin-and-light-laptop-dell-original-imagf4mth22ydgqs.jpeg?q=70,https://www.amazon.com/AMD-Ryzen-3200G-Unlocked-Processor/dp/B07STGHZK8/ref=sr_1_1?crid=KSTVZXXS6BU6&dib=eyJ2IjoiMSJ9.PXK-c7txx0_YW-tF5lQVmFJ_cnAZPmJwNT-2m-6omtEmuCxExZsOKCyheSg1rpRsG7OaLjophcvOnF7MKpcWqqIFsLvnLrHUHiMUY1sbvuEa-YyN5jnHfJugCygYsr6lR2cQzTiQ8K-ZiUNQiyNpVXOPlJ41lztTrgLyDskK-vc.UR1dl_q_E-PVY0dh-SfL6J_KxpiI8ubxzXmnPsHlNTc&dib_tag=se&keywords=AMD+Ryzen+3+5425U+%28Quad-Core%2C+up+to+4.1+GHz%29&qid=1753218554&s=electronics&sprefix=amd+ryzen+3+5425u+quad-core%2C+up+to+4.1+ghz+%2Celectronics%2C82&sr=1-1,
332,Intel,4.25,2841,241,15.75,Intel Core i5 Processor (13th Gen),16,512 GB SSD,Windows 11,815.88,https://rukminim1.flixcart.com/image/312/312/xif0q/computer/b/y/7/-original-imagnqmwwaznaz5e.jpeg?q=70,https://www.amazon.com/Lenovo-ThinkCentre-M90a-Business-Processor/dp/B0CL1HNMMY/ref=sr_1_28?crid=3N9NR5RH9RR9M&dib=eyJ2IjoiMSJ9.xTehOW3afx6WXgGIoAjXWjmYq9dLkt3dA8xs9-93-9OUr0JQ_r5A3GbCtEjEuABvimw_sz_22CWcvlZyNdf8HSxjg1BBpv_Dwc382zFQcqGazoDmEN9Ax3UmmpZb5slco1SwgyPEYn01MvMJBId9JGmsglALEp2jQtJBgodp29usylRloQEh6IMDgADqsMHpiD5zS6j0dQPBpp0D6VG31-PxrSUlBFVRir_BNHe96fokQ8RAPhsVekYsbqPpOpUB4imP-Pj16fdtrdFl0yJX49KvhrVUpkjQwdtiTlUy3-I._-Hhaj4JDudxBXE9f3QvfwD6EdX_jMyJ5lbsvPoxMwI&dib_tag=se&keywords=Intel+Core+i5+Processor+%2813th+Gen%29&qid=1753221863&s=electronics&sprefix=intel+core+i5+processor+13th+gen+%2Celectronics%2C65&sr=1-28,
341,DELL,4.25,2841,241,15.75,"Intel Core i9-12900H (12th Gen, 14-Core, up to 5.0 GHz)",8,"Display: 15.6"" FHD WVA AG 165Hz 300 nits Narrow Border",Graphics & Keyboard: NVIDIA GEFORCE RTX 3060 (6GB GDDR6) & Backlit Keyboard Orange,1667.88,https://rukminim1.flixcart.com/image/312/312/xif0q/computer/7/n/f/-original-imaghzahkzhredeu.jpeg?q=70,https://www.amazon.com/Intel-i9-12900KF-Desktop-Processor-Unlocked/dp/B09FWYK5M9/ref=sr_1_1?crid=DGO5T3LH1KQO&dib=eyJ2IjoiMSJ9.oB_XrFieLiG_CONC7jdn96Gd76VMC3OrxU2emP4KQscTqGIIOamN6NLy8Cow8UAET3okuhNA1DaJFx0ki60nACi1ncW-B8rbyWwBPQmF7BaoKYd5GWTIvTwt5S4LgLM8Qrek8eK5aZxUdJ1ZJhkOc4hJVRyOh0kNU4TscB465Ys4c4vuUbUjZTsy_LoABbD-ZiWxgaOXtUnEIlMfpnBOWGW62OIf13RbOqBbv7qXsKIxDWZN27Xjdp0RPeHH_r6MX1ivbPh0ahJMPt0EKU4nTSuG256-f5ktomMirSUD0hc.vmmS2tfM6I-BSn8Qw342vsGwvp4Y54DrhT8em6ZMviE&dib_tag=se&keywords=Intel+Core+i9-12900H+%2812th+Gen%2C+14-Core%2C+up+to+5.0+GHz%29&qid=1753300900&s=electronics&sprefix=intel+core+i9-12900h+12th+gen%2C+14-core%2C+up+to+5.0+ghz+%2Celectronics%2C81&sr=1-1,
350,HP,4.25,2841,241,16.14,Intel Core i7 Processor (11th Gen),16,1 TB SSD,64 bit Windows 10,1998.59,https://rukminim1.flixcart.com/image/312/312/kzn17680/computer/1/i/z/-original-imagbhzqahdzyx4e.jpeg?q=70,https://www.amazon.com/HP-i7-1165G7-Processor-Micro-Edge-15-eg0025nr/dp/B09FX1YF28/ref=sr_1_4?crid=2R3UJ871DIWR7&dib=eyJ2IjoiMSJ9.KjJJsmKFWfZOgbxy61w7aLf3XTVWec1b3zT4xNrfiERuuq6_qaWOeLTW8VPLMbC9VSN2czizF06GxtgnWvykjtgqCWoZj94gyHt4_PaqNxPlZh9C5nIb0viuUM9gT-uKujYFFbr_NdyB8z4h19zeuq7h5GYndNeFQA7gkwq8F44VDY3aIUe1E-FM3rFG_t59a4PQwqqpSj86dwIJK-OR2Wn7D0luEdeb1Q5wpShQ_IODbhoZ6-HC2045JBobKsIgVO0G1Ud1RN6Zd0MkcnuzmYefKN_3c6LlN_rl3wtCqRg.M_8g8b5_Nj6u5xWdTv_51bFescgaehYzT8nC_GL-SYg&dib_tag=se&keywords=HP+Intel+Core+i7+Processor+%2811th+Gen%29&qid=1753213442&refinements=p_n_feature_four_browse-bin%3A2289792011&rnid=676578011&s=electronics&sprefix=hp+intel+core+i7+processor+11th+gen+%2Celectronics%2C81&sr=1-4 ,
354,ASUS,4.2,48,11,14.17,Intel Core i3 Processor (12th Gen),8,256 GB SSD,64 bit Windows 11,539.88,https://rukminim1.flixcart.com/image/312/312/xif0q/computer/y/b/w/-original-imagg6t9sb9gvafu.jpeg?q=70,https://www.amazon.com/i3-12100F-processor-featuring-support-required/dp/B09NPJX7PV/ref=sr_1_1?crid=3LKUIIOESZ7GT&dib=eyJ2IjoiMSJ9.igCwvaMcyo_7UkBE8mKbxXKX4_47xebhlgezeJyxkJ1lbLY0NI-Y50ESIYkkgx_elRnX96oFomTGdjtgBF1KozUKXz7M6uSkucbqkzHBwh1AgDcQF-MMLJISBXMWdWRiWLoU5WvIGUllt-gqFK20P0_rn2VpBItY1aH_OW0gdTs5FO16enYKNoR-neaWK6f_9qYnBw_hIMhqPG4mP-VMvjWu776WOP1XyheTpBGuTU6kvGBt0Thivf75LqsURxMUMIza3--E77xIJePhw-ro2P6gbwIESMvig4kGreNCvHE.uXz6iWth1dCdy4yqhdKoIsIInbUOVhFJxQukFXlNWiE&dib_tag=se&keywords=Intel+Core+i3+Processor+%2812th+Gen%29&qid=1753301034&s=electronics&sprefix=intel+core+i3+processor+12th+gen+%2Celectronics%2C97&sr=1-1,
360,Lenovo,4.1,212,30,15.75,Intel Celeron Dual Core Processor,4,35.56 cm (14 inch) Touchscreen Display,Chrome,311.88,https://rukminim1.flixcart.com/image/312/312/kr2e3680/computer/5/a/l/na-thin-and-light-laptop-asus-original-imag4yygqdqkpnpg.jpeg?q=70,https://www.amazon.com/Lenovo-IdeaPad-Storage-Processor-Recovery/dp/B0F5BVC6RB/ref=sr_1_3?crid=1R1HSU3126DAY&dib=eyJ2IjoiMSJ9.ITAS4Q7IoYKsVpvq77fwYtEk9AnJ30dzXd1yVzSjXizjD24QS9D3pblk7odfEDElpz730SMYRLoqEvuZ6Wd1meAFq2TSDzUgCEDgNHx9XQiN2yYbEzmIQFILDMvh6uxgLeOz3B0N9fOtouLjuINH9U-ttAffZdtUwbGegJ-JdGcN1ghy3HHelbmsxuUeNOfdLgWTtoh_ecbgyDPTnymVc0IpaYS-eUs00PFhHztJNRvmDbvkPuJuljMFlCoWKpCg2H9WeLPd27AxvWbrGl11Ipi07EcpM6uAd2zsQjkQLuo.p-tdc7VSQIO3WMlUS1cAcoVS4KsLss6KJhgTalbM2rQ&dib_tag=se&keywords=Intel+Celeron+Dual+Core+Processor&qid=1753302026&s=electronics&sprefix=intel+celeron+dual+core+processor%2Celectronics%2C112&sr=1-3,
365,ASUS,4.8,5,1,15.75,NVIDIA GeForce RTX 2060,8,64 bit Windows 10 Operating System,16 GB DDR4 RAM,2093.88,https://rukminim1.flixcart.com/image/312/312/juk4gi80/computer/d/v/r/msi-na-gaming-laptop-original-imafcwryd6vccwgc.jpeg?q=70,https://www.amazon.com/ASUS-NVIDIA-GeForce-Gaming-Graphics/dp/B0CVCG2VPK/ref=sr_1_1?crid=3Q9ETJUDRFCGH&dib=eyJ2IjoiMSJ9.6X7L7C6QkAPVFYSzXFzSNwkF1Rsf4TG5BgkJLZZUODxxTZKkjcrC7HKTMtZE9honGYe8gSZ66Ti4lDy5I_Z9apYtCpzzw2643wAO7cry7rrbhLY73aYBatuzz0_ONIO4e-gsh7FBOVHfx830_F7-77oO-3HdTQoUVEqx7BWB1z9h7IDIQhYr6B5YrXpoO1FFYYq__HBKM186t7O6iL6O6SoxKBElLttRFwUgjfsZbF0lIbVTvXMuYNhosHoXB6fPiUeLN6qaQoj1SI4XHC_MLsZtHvFgnVZcF3c5irRCogY.YLOcoBix8I8A_mFKPzdfDW1vyLOPeaniewsu2kna7dY&dib_tag=se&keywords=NVIDIA+GeForce+RTX+2060&qid=1753222074&s=electronics&sprefix=nvidia+geforce+rtx+2060%2Celectronics%2C142&sr=1-1,
372,ALIENWARE,4.6,10,3,15.75,NVIDIA GeForce RTX 2080 with Max-Q,8,"Tobii-eye tracking to track head pose, presence, fine gaze and eye position",Alienware Cryo-tech thermal technology to keep the system cool and running at highest performance,3911.88,https://rukminim1.flixcart.com/image/312/312/kcauaa80/computer/8/k/e/alienware-original-imaftgn37g4vzqmy.jpeg?q=70,https://www.amazon.com/Razer-Blade-Gaming-Laptop-2020/dp/B087LZZGBD/ref=sr_1_16?crid=3R7I6FB985IDF&dib=eyJ2IjoiMSJ9.1GzJkpo2A8r2Uyu0ISktPQ6zvMMSC6PvVidycEovmGulQEUqet4t4bMzL6X07QYLkALAF8GncWIYbSSqHIc2OsEfn-4Kup95ucl4cvNygAXAq-zPoHlBmIp-5aoPg0bfoeqvrMqgZFHtgS4NqMQgDT7BpguN5dWc_J6E_FVTQoQc3ROhLuwZDZ0gs1_EZBwLzywvk27r6meDcgr8uJlYzSDzeYnUWEsJE40Q3UpDV3Z4zwJ0fA4UGJdv1QY17mI8J8ayMfKSd5m6QaOvpClCBtI7-UccpAuV0sdax1z93cc.2wdHkHFeIr5RkYLy8rFzPdrKYR5BE0jxjAzNK9kEu9o&dib_tag=se&keywords=NVIDIA+GeForce+RTX+2080+with+Max-Q&qid=1753302098&s=electronics&sprefix=nvidia+geforce+rtx+2080+with+max-q%2Celectronics%2C131&sr=1-16,
385,ALIENWARE,4,5,2,15.75,NVIDIA GeForce RTX 2070,8,"Tobii-eye tracking to track head pose, presence, fine gaze and eye position",Alienware Cryo-tech thermal technology to keep the system cool and running at highest performance,3000,https://rukminim1.flixcart.com/image/312/312/kcauaa80/computer/8/k/e/alienware-original-imaftgn37g4vzqmy.jpeg?q=70,https://www.amazon.com/MSI-GeForce-Architecture-Overclocked-Graphics/dp/B08GG8DSTF/ref=sr_1_8?crid=2XLY1LNMOKADP&dib=eyJ2IjoiMSJ9.rOpzZ1Kc3QubkjsSVQkIQ3YW0PMQbiXprQiwZTn3QD51D8pvkmGaasxGPAL4chjNb1E-8DVq5auLKHx9W-RYZe61AxUf84ulMsf-phJjKJd7t3ShidOty4eOYpYYbNPb10cmnRdglCLTLyniGLmUxzlCJbWjW2sdC9jT0gUoG_uIikSDaPjDnI7-4v_Xlxcbil7SUzhcyUtbKYBpQGSCqvZhz0D64yhUhmAE4Bj0QNyKEZX3XbGFoRFm9BtoNCyJ3wEPdpk-SF63X3T5dGhveMEaQFZHplsXpMNNR4ep-BQ.Bn79h5LwbUefdl3cArzC1gT-h772we1PJpdziKx-omE&dib_tag=se&keywords=NVIDIA+GeForce+RTX+2070&qid=1753302325&refinements=p_n_feature_four_browse-bin%3A79630830011&rnid=79630706011&s=electronics&sprefix=nvidia+geforce+rtx+2070%2Celectronics%2C67&sr=1-8,
398,ASUS,4.25,2841,241,15.75,Zenbook 17 Fold OLED UX9702AA-MD023WS,8,64 bit Windows 11 Operating System,16 GB LPDDR5 RAM,3959.88,https://rukminim1.flixcart.com/image/312/312/xif0q/computer/0/9/y/-original-imagj77kjkqwbajg.jpeg?q=70,https://www.amazon.com/ASUS-Zenbook-Validated-Graphics-UM6702RA-DB71/dp/B0BDTQ7512/ref=sr_1_15?crid=32XFBI0IHPQFC&dib=eyJ2IjoiMSJ9.FJAu73YsA6YI_XIkvFT3VXJadaBG1AihWKVhaJAI4kg7njRo8kdtQw7DFUKbP3L4LJ77AtCQ-zCWbxj7Skf4qZAjYUW-o8utgk5S1kDl3hRn7wb-qNFLRiF_sKKexSFipuYEvk-ZKuJ6-Cfz0cfoY8plRAA_B-8iG6tcOSIwSPlcvmRhiky1Xzp7-5DD0nXNnvqhv9ZzimU7I9APg71UwA.reZQEF6rk-tpfHL1TU2NOfy0e-ZxpzE-k0lavU4gVog&dib_tag=se&keywords=Zenbook+17+Fold+OLED+UX9702AA-MD023WS&qid=1753302465&s=electronics&sprefix=zenbook+17+fold+oled+ux9702aa-md023ws%2Celectronics%2C132&sr=1-15,
405,MSI,4.9,12,0,15.75,NVIDIA GeForce GTX 1660 Ti,8,"Tobii-eye tracking to track head pose, presence, fine gaze and eye position",Alienware Cryo-tech thermal technology to keep the system cool and running at highest performance,2261.88,https://rukminim1.flixcart.com/image/312/312/kcauaa80/computer/8/k/e/alienware-original-imaftgn37g4vzqmy.jpeg?q=70,https://www.amazon.com/MSI-GeForce-192-bit-Support-Graphics/dp/B089CX9PX3/ref=sr_1_1?crid=36Q945RJJ5KB7&dib=eyJ2IjoiMSJ9.KkTPd5smDW22vPU1hhJgwNHeQCyjZOQ558nhmK6FdPWDwyY8P4Ly7gJw2caV9cdbqvUHWaVS0kBD2O-paSR9OEFk7iPBne06SzLmq0444E8Rp7Vyl629ykz2Z-EQ1ywgmmEEHhLjh5p_2clgfUCYQZf5rGj9KfeCJxYe0jdNsYXZa4FXRXhont9fGtJ3HXoatr_Q30xcDiVTD1AEp4b_3750cwusEyRhTmZTKiXgoPwaz93YIrEfL_1YjE_icR0WAa8SzB_oZdAom49kZMbyd85GV6Nhjm6UkgzrLucak5A.GE0FyxWkqvjQyc87wEZM2foSmEJrbHJ29rl4ZUbSffQ&dib_tag=se&keywords=NVIDIA+GeForce+GTX+1660+Ti&qid=1753302552&s=electronics&sprefix=nvidia+geforce+gtx+1660+ti%2Celectronics%2C366&sr=1-1,
412,ACER,4.5,2053,318,15.75,Intel Core i7 Processor (10th Gen),16,1 TB HDD|256 GB SSD,64 bit Windows 10,1163.88,https://rukminim1.flixcart.com/image/312/312/k9loccw0/computer/4/f/w/acer-na-gaming-laptop-original-imafrcpya8phvptc.jpeg?q=70,https://www.amazon.com/Intel-i7-10700KF-Processor-Unlocked-Graphics/dp/B086MMS6FV/ref=sr_1_1?crid=S9J3GRMWH57G&dib=eyJ2IjoiMSJ9.Pc2Gtf25TpfUtuxS-OSlrq6N7iEw3FfV5Mv4KbWFh1hJkN0cUDLofeov5fh1xOqQMvWzH7sMM8Mn2ITV6kQd_wPByLYDCQo8OzwW5pYFYnWQ6A7qkyxuGUI0mCbEwmZTA6gioEGs_AZvi-a_HxCaJQTAXEt9yEFtxCdZ1Bxe4f45d4wrKDKeMY8HIXe8tnQt1TRIpqxkU0e_YKtJusFqlnaZGvLH9M08SbWdesIYgNHY5Z3AKFwA1x2pe_PIaYPFT15ke6GsgKHlUUYzVa6mf2dVzZ8PtO6RwZIC13Mi_Uc.nv_jPyUbmrIwmlX7_vS-4DAQu8AM1Ymi6X_R8uG81mc&dib_tag=se&keywords=Intel+Core+i7+Processor+%2810th+Gen%29&qid=1753302575&s=electronics&sprefix=intel+core+i7+processor+10th+gen+%2Celectronics%2C87&sr=1-1,
418,ASUS,4.25,2841,241,16.14,AMD Ryzen 7 Octa Core Processor,32,2 TB SSD,64 bit Windows 11,2699.88,https://rukminim1.flixcart.com/image/312/312/l58iaa80/computer/5/q/p/gx650rm-ls019ws-gaming-laptop-asus-original-imagfyg8tkytthbb.jpeg?q=70,https://www.amazon.com/AMD-7700X-16-Thread-Unlocked-Processor/dp/B0BBHHT8LY/ref=sr_1_3?crid=1ADBZB0DJIV39&dib=eyJ2IjoiMSJ9.bClA2Z_RT5MmFO1rXsR5CELXopXXeYnftLDlSiAZ0aREkVUJkP8qS41Yx2mENFyq4jdGbzZ7ynGqnPpo_pDPFo1N2o7nHYCuuLk4k_AJeydwrTkw7YoKRuIcX74loyruYn-bhHSGz5w9WAuqRH1pZtr9WHy_DcpNJhOQPKxNbI3WaJUyORak-FsuYPYpU-juaa4t3jdEWOG9OicpSAm5srhDAAuhT0rAYOpu2oC8qZzLFMIpWenJuKtBJRfcRs_zY8qCyKbqbsqHQKoNxgb_txhr8NPtFAA9IsByI8eoiM0.TFzmt2ZVqdE6-YEfXeYHLZWEJ4uAPZEdrjBywb434_U&dib_tag=se&keywords=AMD+Ryzen+7+Octa+Core+Processor&qid=1753302607&s=electronics&sprefix=amd+ryzen+7+octa+core+processor%2Celectronics%2C74&sr=1-3,
426,ACER,4.25,2841,241,16.14,Intel Core i7 Processor (12th Gen),32,2 TB SSD,64 bit Windows 11,2759.88,https://rukminim1.flixcart.com/image/312/312/l3lx8cw0/computer/s/t/b/pt516-52s-gaming-laptop-acer-original-imagep4hxjafezxf.jpeg?q=70,https://www.amazon.com/Intel-Core-i7-12700-Dodeca-core-Processor/dp/B09NPHHSZ1/ref=sr_1_4?crid=2Q99DD4YRSPJN&dib=eyJ2IjoiMSJ9.0sObZhPQlliFhCj9ToI00Um2LLFrGh8pHxxnKRT0EU9xLPEeuFCP3ZPA7QCbWwgvSUcSrutyvA3OncvrpaDrcmpnLv2blOCFau7qUsxL1909NDEQOyB2V8m0WauQ14gGFohWe4_omP420c6zYmEDU-np3xnX38usas_EOpZGDRa5XmaoAVNb4jxNUAc_RbTb4oUd8fSeBJIyLHiZ1h4XoVS-rfukp7G45JyITkXlAVrYcNpqTXw0cLWunUN_q6xkCNA9D_UtbTV1ZBuTMPC_R9mLMTczZjN_cgP6q_F0T_U.9ERYPf9M5-D1_vPDFpbgMo0ahiEqmQGaBNylGRbYRIA&dib_tag=se&keywords=Intel+Core+i7+Processor+%2812th+Gen%29&qid=1753302655&refinements=p_n_feature_four_browse-bin%3A2289792011%2Cp_123%3A368902&rnid=85457740011&s=electronics&sprefix=intel+core+i7+processor+12th+gen+%2Celectronics%2C66&sr=1-4,
449,DELL,4.7,6,0,15.75,AMD Ryzen 3 Dual Core Processor,8,256 GB SSD,64 bit Windows 11,464.28,https://rukminim1.flixcart.com/image/312/312/kwl0akw0/computer/f/t/r/inspiron-3511-thin-and-light-laptop-dell-original-imag98fjy6yu6fgz.jpeg?q=70,https://www.amazon.com/Lenovo-IdeaPad-Narrow-Bezel-Dual-Core-Processor/dp/B08G1WL7TJ/ref=sr_1_22?crid=18SHA1D20YHN5&dib=eyJ2IjoiMSJ9.PXK-c7txx0_YW-tF5lQVmBcwNUiEHoWF-KDgxVp_IrnJCGN6XGO59sU6CErVaq9Vgip-mKbfqCWbW783JZJ5yi3ntSRpXHQHc1BqPoqhC-x2cJdrgMQtpufRuTncqZ-hjULM4OBJ9lTHk9H4XnFpzXELIrhJo_JEEdrCLIzQ9-OShKpO_eamBTlZ0V7fnfCwBRcgBwVu8Fq6emsVK9uUJeib0ojtK1m9awmomXDbIq4gNUDu_cdhuQR7DafT7-gH5p4TdhTtWq7nOfANaM0Ku-UylSY640fPXGLDPKUIAvc.Z4rLAtNIRzbzXHXPq8wyWU-3bcnPE9_CJilvh0N3ycc&dib_tag=se&keywords=AMD+Ryzen+3+Dual+Core+Processor&qid=1753302679&s=electronics&sprefix=amd+ryzen+3+dual+core+processor%2Celectronics%2C60&sr=1-22,
457,APPLE,4.8,125,14,16.14,"Apple MacBook Air 13″ (Mid‑2019, Intel i5)",16,512 GB SSD,Mac OS,2878.8,https://rukminim1.flixcart.com/image/312/312/kuyf8nk0/computer/g/z/q/mk1e3hn-a-laptop-apple-original-imag7yzmv57cvg3f.jpeg?q=70,https://www.amazon.com/Apple-MacBook-13-inch-256GB-Storage/dp/B08524ZF7D/ref=sr_1_29?crid=37S8B3S8GN4WZ&dib=eyJ2IjoiMSJ9.nhpeYGWsFRUfPqcYGvjYwxaSmAnTNzKDi-ByoXbk6-5brdLpSwH5T_G1K51IhA-6mL5oR2oWyCNpSZN7PsmcjbYVp4xlbHeOC7s2rTA0dnNKv1NdGmgqzwXESU06C6Q5bZrIb2Ub0GD9ZuWhhRN6vdZTUorkbRRBVRcn2rqCYYPlVmG_hyjR85m2thKJTa41qLVHgk5gPt3gaAo-EwS9l2d23g8l9G2wDxIwSRL-uwBrLDms0NB2zNLGWZFX39PzCxVnVG_QEkNDxTdej8mjyhksrHVz6jJvzZz4GTdxV9Y.isNWSTlYo_sMUzjWbbCOm_gwrdFbJ6a4KuAzhseEGOM&dib_tag=se&keywords=Apple+M1+Pro+Processor&qid=1753302717&s=electronics&sprefix=apple+m1+pro+processor%2Celectronics%2C66&sr=1-29,
461,DELL,3.6,583,57,35.04,Intel Core i5 Processor (11th Gen),8,1 TB HDD,64 bit Windows 10,617.88,https://rukminim1.flixcart.com/image/312/312/ksyz8280/computer/b/7/0/na-thin-and-light-laptop-dell-original-imag6f5zes6jhdzk.jpeg?q=70,https://www.amazon.com/Intel-Core-i5-11600K-Hexa-core-Processor/dp/B08TX3M96F/ref=sr_1_3?crid=1TBYK27HFJW0C&dib=eyJ2IjoiMSJ9.UDVrcUnSfLW_QlQP32YQtM06-on2tRkV_JwRsP_qgpkL02jmhrBG7a69wcbzvAgE7nzJtBUK3ScIZ7wQBmmzsMuRTz2uMePKLHF2EOGjAI0hLjOm2wvKMwYSuCBxmkgIvphaS_aYmdBq4Aay7yTWacvnjPYxFQx_PTelnUnylZraa7fozlKpF00cKiewb5lJO7TEXl0RgW5G6MluWu143NxnodgeR5hJyBBs9Jrl_PMTYdQ-t8R9VkqZodzgYQLu4EapJ9ricQ6KbbnrZh9QjGlq0LMRjzCeoRT6x2I_L4g.k7aXefGoaVf_rd4z-peiwj8xGCLguHu-p_eZEAIT4Pg&dib_tag=se&keywords=Intel+Core+i5+Processor+%2811th+Gen%29&qid=1753302949&refinements=p_n_feature_four_browse-bin%3A2289793011&rnid=676578011&s=electronics&sprefix=intel+core+i5+processor+11th+gen+%2Celectronics%2C65&sr=1-3,
485,DELL,4.2,9,1,15.75,Dell Inspiron 16 Plus 7610 – Intel Core i7‑11800H,8,"Display: 15.6"" FHD WVA AG 250 nits 120Hz Narrow Border, Backlit Keyboard Orange",Graphics: NVIDIA� GEFORCE� RTX 3050 Ti (4GB GDDR6),1241.88,https://rukminim1.flixcart.com/image/312/312/kzrbiq80/computer/z/p/k/g15-5511-gaming-laptop-dell-original-imagbpb23gfh8er5.jpeg?q=70,https://www.amazon.com/Dell-Inspiron-Plus-7610-Laptop/dp/B0BCXF23TR/ref=sr_1_3?crid=1J6F0KWUS0ZEH&dib=eyJ2IjoiMSJ9.i270tvRRa1iCLC-a7CaEmzX-e6pzTwbxCdkqk5HEQlr2gK9w-I7vPERJWTC-K4eYTZEkDMj1WOEIEtv-N0Mrzc6PBDcKlGjp4S3tE60Yvzdy-Cy9TsQc0O3O0Wb6vsFZATJl_XQk_bDyRgfMnePuQApSUxTGrRQibRXWJrC30lKwHFfe3ASTEYEv2dGvQ2XvyK1N-NieVUi6vtx8Gj1xLa6rn8vO23O_o0kY8-hyor0uyd7CM3yqz8QCrNdMm7Uff6nI5HoIfmqduAGaYwFNvjceFVWx7SlN3AN1oFM48vw.6NE136xto-I2QyzYti7TePEam7JazfEzQuOtkmheB9A&dib_tag=se&keywords=Dell+Inspiron+16+Plus+7610+%E2%80%93+Intel+Core+i7%E2%80%9111800H&qid=1753303196&s=electronics&sprefix=dell+inspiron+16+plus+7610+intel+core+i7+11800h%2Celectronics%2C103&sr=1-3,
494,ASUS,4.25,2841,241,16.14,AMD Ryzen 5 Hexa Core Processor,16,1 TB SSD,Windows 11,803.88,https://rukminim1.flixcart.com/image/312/312/xif0q/computer/c/n/c/-original-imagnzg2znukp3nn.jpeg?q=70,https://www.amazon.com/AMD-7600X-12-Thread-Unlocked-Processor/dp/B0BBJDS62N/ref=sr_1_3?crid=2MYGHNT5ULYZY&dib=eyJ2IjoiMSJ9.vcjh98wfbebADz505M-Zk6wKxPYgx2W8s0CUlbaYXWZtnfZwJrOJwViitOJuNZkPDalHJh1SxnjPvhjMhbIKAVA9HoNuA1svHbLYSEJLy2upsugOSehao_cAI372ZB70-kGojnek2hFioBZMnyIBqCzoI745GYLiva2E3WD005fFm0sa9z8JHMSTyN8MJXt8-BuYv0RCTX3PZygjqzOMTiLzl_7Xn8be52Yb3ffwlfQVrAv8SEfZ4_qpgOZMe1Y8AAQdVaS5tFFV02dW3a4YB3CuDHwIzSlAYmeJ9ggQW68.vqtGAq7AgCyFL1H6usbHBFcBNLo-bTnD39t9ZuCzF0k&dib_tag=se&keywords=AMD+Ryzen+5+Hexa+Core+Processor&qid=1753303467&s=electronics&sprefix=amd+ryzen+5+hexa+core+processor%2Celectronics%2C134&sr=1-3,
504,ASUS,4.3,40,4,13.39,Intel Core i7 Processor (8th Gen),8,512 GB SSD,64 bit Windows 10,803.88,https://rukminim1.flixcart.com/image/312/312/jraycnk0/computer/w/z/y/asus-na-thin-and-light-laptop-original-imafd3g96rxzxgkn.jpeg?q=70,https://www.amazon.com/Intel-i7-8700-Desktop-Processor-Cores/dp/B07598HLB4/ref=sr_1_3?crid=2KSWTNQOQ5CY4&dib=eyJ2IjoiMSJ9.qmlqN0EpW0EKNW2OLN8sIwD89_T68uRV4zoyQg2YcVBuy-jX7Z7U1Pi4a9E19QDOxK9G6jLPfmgOj6tHV4Cj-a-QuP-Ic9wbJnRJOFn05Ex3CklYxBLy7WMZBuD-Gjczd-MdgPLqbj5o-xqPIr-hOEyc5JUjfVQzb6yL3349mvPrC-_TjDey2Cs4vIJOVRkII_6W3DYc3JGMhr4r1865qVIkFgxso_YcBsyyc5HWi8ue8snv4a4cIANkW-qi-xsRge-XT_PqJVbhAtgkYo8CxHBuuf1wQLhEoIP9Ccp-f3w.WDKmgIIKBieVTcqS5ogTPRvzJ0DW0fhMf-GG9nZ7zOE&dib_tag=se&keywords=Intel+Core+i7+Processor+%288th+Gen%29&qid=1753303497&s=electronics&sprefix=intel+core+i7+processor+8th+gen+%2Celectronics%2C83&sr=1-3,
513,HP,4.1,1134,189,14.17,Intel Celeron Quad Core Processor,4,128 GB SSD,64 bit Windows 11,251.88,https://rukminim1.flixcart.com/image/312/312/l5fnhjk0/computer/h/g/l/inbook-x1-neo-thin-and-light-laptop-infinix-original-imagg49gbqxuhfha.jpeg?q=70,https://www.amazon.com/HP-Portable-Computer-Quad-Core-Processor/dp/B0DWJHWWZ7/ref=sr_1_1?crid=3TXMVOVIW0M7S&dib=eyJ2IjoiMSJ9.sftklMat39Gub9lS9McFFO9UG4owXEjuRSmnP9MWIhNj6kscVNhmwSRb-aE16AQ2npULtYmdgzTg53Y2NdgeE0YijAkpBnbjPzHntBB8MCi7jQd7NCR4a1wZ0tIXTU8hCIqBUmzSqcxF8vSM6ySNTrE1MoBlhO7Gi9T6Poy73A6l0S4lzg5i5ybMN-yxrhOPOfNGscEDldSjbxjC4t18rMqdCVsr18LqfWlRECWs-wOxaqJQxJiblJH7QxWAUkEwoWLMoETiURFovroWO0XuAIrPxSefBobNsnjo9fyeFJU.3WyjtbN1uqfhDRpHk3nN9vcsKYt8MLOgt92Z9mrnfZs&dib_tag=se&keywords=Intel+Celeron+Quad+Core+Processor&qid=1753223616&refinements=p_n_feature_four_browse-bin%3A1264444011&rnid=676578011&s=electronics&sprefix=intel+celeron+quad+core+processor%2Celectronics%2C73&sr=1-1,
554,Beelink,3.9,28,6,15.75,Processor: AMD Ryzen 7-5825U (2.00 GHz up to 4.50 GHz),8,"Display: 15.6"" FHD WVA AG Narrow Border 120Hz 250 nits",Software: Win 11 + Office H&S 2021,719.88,https://rukminim1.flixcart.com/image/312/312/xif0q/computer/o/u/x/inspiron-3525-thin-and-light-laptop-dell-original-imagg42smhwrtf3g.jpeg?q=70,https://www.amazon.com/Beelink-Computers-Display-Desktop-Computer/dp/B0CRKXMKDT/ref=sr_1_1?crid=KYAZDVXK9S5N&dib=eyJ2IjoiMSJ9.ZVp6n9V_Gm4v1oPl6NNyvYS2KAp6b_8AneuN31k6XoT7b4fa05LILpex2WZP8oJ_fpuJ0fU5E7oWgr97J8tQrSOgtqobHZJHEVwe_VRZ-dizC1Vq1-0iCIP4zH-nkHgW2-yHt6LN5yIM79yb1DZuUfwC3N3KcLFIy_gOFoxFLaB0TmEyXtjIisv69MM5k5tACyTycl_ZD7cAaNsiylRd5L4jMkkMpc9G7Fgi1PYdMckcXdK_d5YBxXAN_zBsZHYE0kleHjlAB__F5QL_deQbWg-lk3mSlAHsVEIz0-klBy8.F4SJLChivKqnm5F7BzMVdxARcdmJQXnBBaN2_yHAjNw&dib_tag=se&keywords=Processor%3A+AMD+Ryzen+7-5825U+%282.00+GHz+up+to+4.50+GHz%29&qid=1753303534&s=electronics&sprefix=processor+amd+ryzen+7-5825u+2.00+ghz+up+to+4.50+ghz+%2Celectronics%2C75&sr=1-1,
574,DELL,4.25,2841,241,15.75,Intel Core i5 Processor (12th Gen),8,1 TB HDD|256 GB SSD,Windows 11,1128.9,https://rukminim1.flixcart.com/image/312/312/xif0q/computer/q/u/h/inspiron-3520-thin-and-light-laptop-dell-original-imagm5skknhkg2qy.jpeg?q=70,https://www.amazon.com/Intel-i5-12600K-Desktop-Processor-Unlocked/dp/B09FX4D72T/ref=sr_1_2?crid=2055BYJZQF6MK&dib=eyJ2IjoiMSJ9.wmuX9ELJgjhBUQ9iJL_Ql-87lig8xOUmMzpVkOKqHbDL5370S3VgLqkXj4Fwmc-bwkDcAj7i1Z5nQwVc4YSKOa60Ov4VB8WhFW_owyZ1E609CGXZLj9jeYG2TNSzm7dPmBmqjyEDxXnOHuh9g8Ac-sTeIgA9eSxkG0BNN4Y7FOTJ1yGblDZYbVVHyrrYn4v94cUnDYkh98bazMKfXe4KAXW06HSnOMrSqX0iHa9F_lZ8cgcbLOj5xEoIvvsXTlFdrIpRG7-PRSgd8FaJHy27E06kPzlGA5i-oXgUe7crOtg.1eO9LuMbsEUHwsWurSSSVetrMHDg745tYW6_rDiBKnM&dib_tag=se&keywords=Intel+Core+i5+Processor+%2812th+Gen%29&qid=1753303564&s=electronics&sprefix=intel+core+i5+processor+12th+gen+%2Celectronics%2C64&sr=1-2,
586,Lenovo,4.4,80,14,15.75,Intel Core i5 Processor (10th Gen),8,1 TB HDD|256 GB SSD,64 bit Windows 10,875.88,https://rukminim1.flixcart.com/image/312/312/kggviq80/computer/x/6/g/lenovo-original-imafwpajqjvfhrea.jpeg?q=70,https://www.amazon.com/HP-15-6-inch-Quad-Core-i5-1035G1-Processor/dp/B084PCYSFV/ref=sr_1_8?crid=321REJ88JZ16P&dib=eyJ2IjoiMSJ9.fOf3JRALZ70F3A0G0maixX5s1fA6m1N3TdD9X3pzaUWN7QbtS0f-cG2qtWorIMtYoMHhNBnDtUFUMwVX_3mCLFUoQy2Mfoq8qdFYgfyAW0_Y_LdnOHjZNMp-bvgtcbFQOqBcVPZZrngdY5se7DOceCdP9yXt2V8Gv22L-u8htilpzwN-CYYq1CO5PSR-TuxffS8WzYGxiExZUxGaakWyrchcsJy3HB_VbgZaP9LkBWvB1BddjF_TB5X0baPFQMYifGE36Mrnimc_VjOoy12hCnWgiXW1CiMsgjOcAqeR1SU.QLNKD8_hmnfyV7IIRkb_TfLuLEKhaa9r8IADU1S9n-8&dib_tag=se&keywords=Lenovo+Intel+Core+i5+Processor+%2810th+Gen%29&qid=1753215543&refinements=p_n_feature_four_browse-bin%3A2289793011&rnid=676578011&s=electronics&sprefix=lenovo+intel+core+i5+processor+10th+gen+%2Celectronics%2C66&sr=1-8,
593,ASUS,4.5,45,4,15.75,AMD Ryzen 9 7940HS (8-Core),16,512 GB SSD,64 bit Windows 11,1391.99,https://rukminim1.flixcart.com/image/312/312/l572ufk0/computer/7/r/j/fa506qm-hn124w-gaming-laptop-asus-original-imagfxjyz2xdyd9f.jpeg?q=70,https://www.amazon.com/ASUS-Display-GeForce-Windows-FA507XI-EH94/dp/B0CJS1RQ2W/ref=sr_1_3?crid=35MVT3NBCQIQX&dib=eyJ2IjoiMSJ9.arWZerzs-9aHKowad__XGTCPXTNXWnvTYZCIeERniepdwkQPUWBPrBIiN1prOlQXoX918ZEQ2u083eLMmnSIsr9hJi1Ko8R9LprXskEzmofJSS40wFRQOfdM-YGfkaVA4GJGPEip-UZu0XGjEpHoMd2jD5_knXon0rLhiTm1ga9efyASd1xbyzgER3W383Z629gw9WC-lF1oOuxMetRQC9BlLpu06ELfV2APO3rrFKzYr5cnSYfzgcdiWzikOk7af2rNrk7P9nyWtTZjWSdYlmNqlbKHbeY0s7-8QOW98iU.3NdVmTX8_OrPv2Qqgx9E6UJAROZohXo12BXu35c-x8M&dib_tag=se&keywords=ASUS+AMD+Ryzen+9+7940HS&qid=1753330027&s=electronics&sprefix=asus+amd+ryzen+9+7940hs%2Celectronics%2C113&sr=1-3,
601,ACER,4.25,2841,241,16,AMD Ryzen 5 5600H Hexa-Core Processor,8,512 GB SSD,64 bit Windows 11,718.98,https://rukminim1.flixcart.com/image/312/312/xif0q/computer/8/l/5/-original-imagnp5haybgpvfs.jpeg?q=70,https://www.amazon.com/dp/B093HP62RN?th=1 ,https://www.amazon.com/dp/9076842620
620,DELL,4.4,38,6,15.75,NVIDIA GeForce GTX 1650,8,Game shift key for Turbo boost of power,Improved thermal design with copper pipes & vents,875.88,https://rukminim1.flixcart.com/image/312/312/kqgyhe80/computer/d/l/f/g15-5510-notebook-dell-original-imag4gy96ahhtmvz.jpeg?q=70,https://www.amazon.com/ASUS-Display-NVIDIA%C2%AE-GeForce-FA506NC-ES51/dp/B0CRDB8G1G/ref=sr_1_4?crid=5TFC6YTITDB5&dib=eyJ2IjoiMSJ9._IE_7U5Erb9OLGkfWNRrszrKo87TxHnFq74Gt2-mIc4VkYTv06PFSL8E0Bbd-kdTFiE7IiWm9KsvalZvgLqShhERHaioXf0OFiXA8CTcMrK5JOoWp43GdxY8vYxyeY3mC4WwSHFTMIYqe7xLJulVQPuoEIXmYeyfhcZGH3hTQ5zrFvTE15dopEHv_pUx9vTiUZk8Evz56Kyd5pM5zMNODzy_kmlRdCdfcPVF-MGVyHx7bOlwGOVihEyoAYeBCzny2fNF54QXcaedBTQPwwx0OgMjnJhijUpqpvDVlr4n2zY.dZPirnUXFyTvg1nLwjR4pQJb-ja9j2QKBx9nBjziVRs&dib_tag=se&keywords=ASUS+TUF+Gaming+A15+%28GTX%E2%80%AF1650%2C+Ryzen%E2%80%AF7%2C+512%E2%80%AFGB+SSD%29&qid=1753303814&s=electronics&sprefix=asus+tuf+gaming+a15+gtx+1650%2C+ryzen+7%2C+512+gb+ssd+%2Celectronics%2C171&sr=1-4,
644,ASUS,4.2,50,4,13.39,Intel Core i5 Processor (8th Gen),8,512 GB SSD,64 bit Windows 10,865.8,https://rukminim1.flixcart.com/image/312/312/jrgo4280/computer/z/j/j/asus-na-laptop-original-imafd3fu7cacaqqh.jpeg?q=70,https://www.amazon.com/Intel-i5-8400-Desktop-Processor-Cores/dp/B0759FGJ3Q/ref=sr_1_1?crid=3KUD15T3IAUPW&dib=eyJ2IjoiMSJ9.RTBhVp36rxWQH5UcHiu31fI0LmnyF33OB9Xo_gatw21WSkAQ4vtdRvmYFNJD5P-PwoGHqcrXXjPbyU0lUq25MHsFfmMvwuEuQF3MQqKMRxMewz8fU7qRv3rkh-zVdiJudKvN2PIo9RX91Xav5Sb67Va_omTnvQgAgsh7_Jf4Vaa0_ZUA9wgDkPg3hSTk8fPzdfReuvL2MxiDzYk-SfX_Ldaokq_vrN5-EzznHNE3e4nMke5c4ncmP1LdxxXYHn8u70HETIeZIESdbW2YKIrtQyiKWKqg7sfzTXon7Llke3Y.IrNI9k5fAbNhgZn_6VvIKnDN9doMDzopgwjMWYwZWro&dib_tag=se&keywords=Intel+Core+i5+Processor+%288th+Gen%29&qid=1753304009&s=electronics&sprefix=intel+core+i5+processor+8th+gen+%2Celectronics%2C86&sr=1-1,
692,DELL,3.9,318,28,15.75,AMD Ryzen 5 Quad Core Processor,8,256 GB SSD,64 bit Windows 10,512.28,https://rukminim1.flixcart.com/image/312/312/ku5ufm80/computer/l/i/u/inspiron-3515-thin-and-light-laptop-dell-original-imag7chq58xfqfga.jpeg?q=70,https://www.amazon.com/AMD-Ryzen-3400G-8-Thread-Processor/dp/B07SXNDKNM/ref=sr_1_9?crid=EAOE9ECS7XXQ&dib=eyJ2IjoiMSJ9.vcjh98wfbebADz505M-Zk00-17xLHBekP7zfUk8EKUiMUKcco3efkhsSaacpYUv4Vu_rIvwilaD8Y31fb90HGf4NbxCZdogIOs9fotXcyyhDWJLsaAiuzOFI7uTUkG3BNliBk3LDeeBwyNszMZpW5YVNKhfgzadB3UzkRnuyAmtquRYfFAB-4KtwsTEUea8q_mEhYQ_9X5WvvEFmbtiiQQaTN4eg8bnGsEEFo1uQBIq4pnqfhOJ5uglK1img4IFZLsED_YoOaDb1lP2S2DSicRBUbRzM8F_iAtoa_6v97kQ.eZq-k9496nn-bY4gb7Pc6d7tkHWhAvUs2eBJi_AFic0&dib_tag=se&keywords=AMD+Ryzen+5+Quad+Core+Processor&qid=1753304424&s=electronics&sprefix=amd+ryzen+5+quad+core+processor%2Celectronics%2C84&sr=1-9,
701,HP,4.2,27,3,14.17,Intel Pentium Silver Processor,8,256 GB SSD,64 bit Windows 11,341.88,https://rukminim1.flixcart.com/image/312/312/l5fnhjk0/computer/m/3/k/a314-35-notebook-acer-original-imagg462zhhzd62a.jpeg?q=70,https://www.amazon.com/Newest-HP-Pavilion-Pentium-Windows/dp/B0894DBTRV/ref=sr_1_27?crid=39EJDAOVDGDVI&dib=eyJ2IjoiMSJ9.aoihIf6rHUpem6GEeKuWic1tZs59wKmuduS0th0ge0Lk9HsWVAIdrO0BDHGft_XStVITQjm3pVAH3JqwPBxXp6F6lILuqVC55xw_CyzaCcUqfSshGLBvNJOqmFb2e1EIa-P7rtUJWuBmqndSuKVpHYmbT_mdRxxTUJbj78UYShdu1OrMC-Y7REz8x9eau8ryXJkwETbpuI2gn9YE90ur6Nc3Z3lEjQfxDck-TQQ8RoApQycmuqhHCdz1I-REMMr8dmoln0x2jaq7F8kbSrxPk2Q1e4tUstLccHHQzuiiTVA.-nE2OTVySMMeFWEPJh7p9olIJGJlYuAo-xKiPvxcDJ0&dib_tag=se&keywords=Intel+Pentium+Silver+Processor&qid=1753304444&s=electronics&sprefix=intel+pentium+silver+processor%2Celectronics%2C76&sr=1-27,
718,ASUS ,4.4,12879,1904,15.75,VivoBook Go 15.6″ – AMD Ryzen 3 7320U (Quad-Core),8,Light Laptop without Optical Disk Drive,Finger Print Sensor for Faster System Access,563.88,https://rukminim1.flixcart.com/image/312/312/ksez24w0/computer/v/b/y/rmnb1001-thin-and-light-laptop-realme-original-imag5zhgw27k4tbb.jpeg?q=70,https://www.amazon.com/ASUS-Vivobook-Laptop-Windows-E1504FA-AS33/dp/B0CWHYV27D/ref=sr_1_3?crid=BZRPFF7FQ1DE&dib=eyJ2IjoiMSJ9.CFlMNvCfvGLj8dRIhdZ0S4t3ct49VBDR-jBRFcFPc_MsrkZ_O8euRC6hJDHgnpCxbkeUXW7mzUpdLsBkK4Il_-Aky83y18E29l0MOE5ujpEQ3JL6t0TzM7qNurpZLA_KZ8DlOJ4ssRB_GcY9L6KmoREJRb6Y1837liVDrj6kYJoNzxm4IoVLKduRKWMiwPLbpvzEHPgiT7kVGGhaWRfVXQe-UUv6NFQ3CbdjvS8DSikDBymfqfSKE3Rb0vtjpz6WXZUcTijQlXRSIB8ND-F321UXHHOERdfTnVBjm3rPIEE.74LokiqbndNzZudeDIuiG2X0GVQ96gpqUUnY32yLdMs&dib_tag=se&keywords=ASUS%E2%80%AFVivobook+Go%E2%80%AF14%E2%80%B3&qid=1753305296&s=electronics&sprefix=asus+vivobook+go+14+%2Celectronics%2C154&sr=1-3,
724,ASUS,4.2,214,19,15.75,NVIDIA RTX 3050 Graphics upto 90W TGP,8,Intel Core i5 Processor (11th Gen),Alienware Command Center,791.88,https://rukminim1.flixcart.com/image/312/312/xif0q/computer/y/9/l/-original-imaghzahumgmsmj5.jpeg?q=70,https://www.amazon.com/ASUS-NVIDIA-GeForce-Gaming-Graphics/dp/B0CVCG2VPK/ref=sr_1_1?crid=1ZFLAAMP1YRND&dib=eyJ2IjoiMSJ9.rVSqfM3Qk7oMX6Isi1g-V5UKdfzc9nfBGEFTm1sN4iNg588ttiwXijz9aFJPKD8A0ljSqbERbw4vTVeXOLb5Y-FOjXgir5iglsi1Ns3DQD6SSsSRDtZEHgjVdtsp1UmUL39he2hmSnqShzL5brdbsM2E_5yeLGgqr52TOlkCLD3bvQCo1KuP10H_o5IwlTUBCyIG8ehUgwBGHwjx-GQdZ75BFCSSscRZQ7Y5ba3fz9kOdz7c7NiDViCjvv6Y9jyUNbOnGXWusQbmF3oH0P5SnByFPEWHmVucC4FI7OrZOGg.2NQzb6PRxwlCUPkIY5xQAsBTPAYoGh6ZMo5k6pgFInQ&dib_tag=se&keywords=NVIDIA+RTX+3050+Graphics+upto+90W+TGP&qid=1753306618&s=electronics&sprefix=nvidia+rtx+3050+graphics+upto+90w+tgp%2Celectronics%2C69&sr=1-1,
726,HP,4.25,2841,241,13.39,Intel Core i5 Processor (8th Gen),8,256 GB SSD,64 bit Windows 10,1547.88,https://rukminim1.flixcart.com/image/312/312/js0o9zk0/computer/h/g/2/hp-na-2-in-1-laptop-original-imafdzjsg9c7csh5.jpeg?q=70,https://www.amazon.com/Intel-i5-8400-Desktop-Processor-Cores/dp/B0759FGJ3Q/ref=sr_1_1?crid=18G7BJRWK8NOX&dib=eyJ2IjoiMSJ9.RTBhVp36rxWQH5UcHiu31fgsWy07gqyc-g02SKmeUWTqQkwXXRt0NO_XVv0IcfLjkWHoSHqrbmiARjKg1R2dHzyPVpUwanEQvUspgUMC-KZ0rzzjy66v995qW-Dq4W8ZYFlqOlfOPzSTDCyhQCHbde6DSJ2kDuXzCCLdxXT9p8X9pdYY9wa2EWi9X7XUFgCpYB5I3WsD_uaUqbAT0yqwqPtdXE9GC4N2-qzTDz6LB7gZTs0v0eZ_xuQxgxTjTFp1OY_1Tn1YFhW2ouDq5TrjkmYXb-rPdH8BsGN08ukEe6w.nhbjzUuBbEE-mAuOiJOe-CRKtjPImBe6Av7E8qkMjts&dib_tag=se&keywords=Intel+Core+i5+Processor+%288th+Gen%29&qid=1753213470&s=electronics&sprefix=intel+core+i5+processor+8th+gen+%2Celectronics%2C84&sr=1-1,
728,DELL,4.1,119,21,13.39,Intel Core i7 Processor (8th Gen),8,256 GB SSD,64 bit Windows 10,1055.88,https://rukminim1.flixcart.com/image/312/312/k0lbdzk0/computer/r/9/g/dell-na-original-imafkcr8abpb6ysg.jpeg?q=70,https://www.amazon.com/Intel-i7-12700KF-Desktop-Processor-Unlocked/dp/B09FXKHN7M/ref=sr_1_2?crid=2VPM9G7RG1OBD&dib=eyJ2IjoiMSJ9.qmlqN0EpW0EKNW2OLN8sIwD89_T68uRV4zoyQg2YcVBy5g50Lq1lvIu7UqMOPceoi615k5oWw74X1q2wwnGcgK-QuP-Ic9wbJnRJOFn05EyUtgmkp0bTEiwnvZSJCRxA722nRYqCGGYNCSeXHPNoB5U4cowpS7GKn_wE57b0e6WoU5X2Gu71UuQK_bHntEXwK6rgW7oZuoeegSDQVVXAWPVZSoNfyxK9Iva9LJ-4xanCBOokGJce2zl24jThl1Mqw1c4pwUCLxdvjvVJJ8dRyHBuuf1wQLhEoIP9Ccp-f3w.lP2yhCMHqmoZvpfSRkK-1EqnUsd2bBCOThci-awIL4g&dib_tag=se&keywords=Intel+Core+i7+Processor+%288th+Gen%29&qid=1753306643&s=electronics&sprefix=intel+core+i7+processor+8th+gen+%2Celectronics%2C76&sr=1-2,
734,ACER,4.4,39,3,13.39,Intel Core i5 Processor (7th Gen),8,256 GB SSD,64 bit Windows 10,971.88,https://rukminim1.flixcart.com/image/312/312/jmawvbk0/computer/y/f/8/acer-na-thin-and-light-laptop-original-imaf99f6vnghhagf.jpeg?q=70,https://www.amazon.com/Intel-i5-12600KF-Desktop-Processor-Unlocked/dp/B09FXFJW2F/ref=sr_1_1?crid=1LXB222EA2ARK&dib=eyJ2IjoiMSJ9.HoPvhoH-JxM-9GVVcY9BIVEeVklRuKtDi-u33E4aYAAO91DOunb-AkSQ2W8NW3fmKDnyRUdse2thuuyzTDPi_eSqD_VrchZ912iYCWeLyk7t5-sC8RKl_Z4p1_j2nAEJnHXZu87WWQooeT2QTcZpUrMHnt3cowjdbR2sCRxactc1ROG6PSFo-FLamIrwPDcgYf9RHCfYVc1-oNWqQSdw7NRbWgvM-vRh2Vn0OyHWDsrrJ3EbhGa2H3GOfX5T253uuh88J0lQFTpsLzOZj3NIILzVUP30mv39b3OtyYsDzZs.u-9QCqDT_CzbzIWaVKifVPEmZezlZomuVOjRQXhKn_U&dib_tag=se&keywords=Intel+Core+i5+Processor+%287th+Gen%29&qid=1753306676&s=electronics&sprefix=intel+core+i5+processor+7th+gen+%2Celectronics%2C96&sr=1-1,
768,ASUS,4,958,155,15.75,Intel Celeron Dual Core Processor,4,39.62 cm (15.6 inch) Touchscreen Display,Chrome,311.88,https://rukminim1.flixcart.com/image/312/312/l2jcccw0/computer/s/d/u/-original-imagdv4f66jmsqfv.jpeg?q=70,https://www.amazon.com/Intel-Celeron-G6900-Dual-core-Processor/dp/B09Q8L8MDQ/ref=sr_1_1?crid=3QQ7VSK3YCI1Q&dib=eyJ2IjoiMSJ9.UDjLm61cSoJIedwzyL1CQJP_3oSllyPgXnNEpV6_2GNtCFXF16PKZ_XYburZniWMUQuogwsGJbYbKBdzk0t6Y_VLYnDk7YhyfpYkJwmb-vioIMGpoMrQg_cpvmuLbPCFTQf7HP4dtSG5xN1Kh1bOnJ6jnPpvW4mX3CH3yVB3sylK01NND7VWXyTPLId5stuGlfiPlgWua5D9AQUjQsDyMaoY_qLWABldQ3xUGalM_H2TIDLJTmt5Rz1K7s_6dCSFJCsq_XUh9i0xclzsAlcm_NXgRI2VgPQH8PBkwyt0V1U.zDAweUHQ-Ngx_qKJ8ore29J8IPSMj9_kb-ZAU-K2iQo&dib_tag=se&keywords=Intel+Celeron+Dual+Core+Processor&qid=1753306732&s=electronics&sprefix=intel+core+i5+processor+7th+gen+%2Celectronics%2C106&sr=1-1,
774,ACER,4.3,250,29,15.75,AMD Ryzen 5 Hexa Core Processor,16,1 TB HDD|512 GB SSD,Windows 11,911.88,https://rukminim1.flixcart.com/image/312/312/xif0q/computer/t/j/h/an515-45-gaming-laptop-acer-original-imagkfjta83h2njz.jpeg?q=70,https://www.amazon.com/AMD-7600X-12-Thread-Unlocked-Processor/dp/B0BBJDS62N/ref=sr_1_3?crid=6L4S724SRZIB&dib=eyJ2IjoiMSJ9.vcjh98wfbebADz505M-Zk6wKxPYgx2W8s0CUlbaYXWbrTpC2DvPYojzjZIZbv5gtkRCy9NAyhRsx9BgwRQCXwfqByaBmpJjtftQe5IunNUGmgE8AC9c71wCMPjcCDeW9-kGojnek2hFioBZMnyIBqEaU3XRUw77L3BzJAMueoGqghrkGXeiZeMTT4NyBCZFHBmqyITcLcpBjuUMCuy7hPc5kFD8HDufwvVZKe1kN7lGjC4psqeTFAtYa1vXAwWDJzDO9XTPg4o8swozHZQzOzjhXHytZ1Wq5vEB0g3f-SkM.aBFa-gRShOp21XTml355Sqr27oGihX4j1t836sRgMy8&dib_tag=se&keywords=AMD+Ryzen+5+Hexa+Core+Processor&qid=1753306755&s=electronics&sprefix=amd+ryzen+5+hexa+core+processor%2Celectronics%2C70&sr=1-3,
782,Intel,4.5,4353,595,15.75,Intel Core i5 Processor (9th Gen),8,512 GB SSD,64 bit Windows 10,671.88,https://rukminim1.flixcart.com/image/312/312/kb1470w0/computer/z/5/f/msi-na-gaming-laptop-original-imafsh7ahbgkmvtm.jpeg?q=70,https://www.amazon.com/HP-EliteDesk-i5-9500-Processor-Keyboard/dp/B0FH9HZ6Q4/ref=sr_1_27?crid=42ZX29IGONL2&dib=eyJ2IjoiMSJ9.ZvfuhkYtuvqAq0MSz5pQZhctXgnpBYeC16O-Pe_3wcPe2Ie6Gm7pR1wiZEfh7EVjRgxEutI5-NnAssGK8bKrQ96_hHonYDX3lWTTvCIikmGB8OmFQPVpArz9SIpTSmwjVATNTcG9T2D6Sab0J3N2jWLhlLfZOdjJzfvTA2o5mt_yVzyOgpMUgEjLgpZmY_2T_MeMKIpqfymLCjJwor5fTZpc5auRa5YNnG-SUFutG3fguz-dSs1cz2keco8NJFg--Teyn8qVmOMKmnj4CaRi0knlHLDTEUfCS8opU399JBI.VFq_yZvM0RJ-E7qOFwvtojitGfLXbfP2dC2d0EVyG6M&dib_tag=se&keywords=Intel+Core+i5+Processor+%289th+Gen%29&qid=1753222100&s=electronics&sprefix=nvidia+geforce+rtx+2060%2Celectronics%2C117&sr=1-27,
790,HP,3.8,6056,689,15.75,MediaTek Chromebook 11-inch Laptop,4,29.46 cm (11.6 inch) Touchscreen Display,Chrome,239.88,https://rukminim1.flixcart.com/image/312/312/kr3tj0w0/computer/t/q/m/na-chromebook-hp-original-imag4yuphzuyfyc4.jpeg?q=70,https://www.amazon.com/HP-Chromebook-11-inch-Laptop-11a-na0030nr/dp/B08HHGM3MB/ref=sr_1_5?crid=22X3KCVIMF7A7&dib=eyJ2IjoiMSJ9.4yzU5B35igNHAdRlugvdWm_hQLiu2WCsFp3CeP2GNDycn4XQFaGI9BRkjrXS3I-I.vqb5H9tz6Ifx50srqNOxM0DsH477F7ch8SnW4ZZFJqo&dib_tag=se&keywords=HP+MediaTek+Kompanio+500+Processor&qid=1753213564&s=electronics&sprefix=hp+mediatek+kompanio+500+processor%2Celectronics%2C93&sr=1-5,
813,ACER,3.8,4,0,15.75,Intel Core i7 Processor (10th Gen),16,2 TB SSD,64 bit Windows 10,1859.88,https://rukminim1.flixcart.com/image/312/312/khz693k0/computer/m/8/q/acer-original-imafxvhdhvbhfzt6.jpeg?q=70,https://www.amazon.com/Intel-i7-10700-2-9GHz-Desktop-Processor/dp/B0883NPRL9/ref=sr_1_13?crid=25HQWCV5RCU6S&dib=eyJ2IjoiMSJ9.3bULDS3V85NSvgOarPGQCudc_D5aSU0w28JVqWWDCbFJkN0cUDLofeov5fh1xOqQbNhwx3VN04tifQgFw_1GMYpveaFysdFEQSbAxGVeqXDct5LzHG18kI0shdu9eGL-CZ9Uq9hoWcxM1hyOBX94ULVqzBthZmPHPhbe4MXs64TNw270hgKAOKb4nQuG7hm9jGo0foMlj7F8Vg2vtkeWnt4h77rFuS-F-0xgIYLmm5io66UnVz-p8aCVqDeujgYAlvIZkfNFivNN8ehPkXb804n_lRqHY6an9rXxTpfIWJ0.sESRcLo9CA0nHTvDsCIzVPfHZXqH0ZhTDXHcPLPZaQQ&dib_tag=se&keywords=Intel+Core+i7+Processor+%2810th+Gen%29&qid=1753306783&s=electronics&sprefix=intel+core+i7+processor+10th+gen+%2Celectronics%2C90&sr=1-13,
830,DELL,4.6,955,183,15.75,Microsoft Office Home & Business 2021,8,McAfee Security Center 15 Months Subscription,Rear-exiting Cooling Vents with Dual Cooling Fans to Push the Heat Away,935.88,https://rukminim1.flixcart.com/image/312/312/jmwch3k0/computer/f/v/p/dell-na-gaming-laptop-original-imaf9phafdmhc9qj.jpeg?q=70,https://www.amazon.com/Microsoft-Business-One-time-purchase-Download/dp/B09H7F77JR/ref=sr_1_1?crid=3FA6OXLE68U5Z&dib=eyJ2IjoiMSJ9.IoIRIuxTdaRxfIr91pS-R-a961KG2Fgy3VyfjpXtmGXg-CpDM_azfjycTDKAB32KMUaWMBT5G7S9hzRxh6IpnJEqKOVgbst7_YHDb5XmqUk.c-c-jPZbKmZHT723lDpP7SMFXvZifY1FBVDb_NOx_Bs&dib_tag=se&keywords=Microsoft+Office+Home+%26+Student+2021&qid=1753310516&s=electronics&sprefix=microsoft+office+home+%26+student+2021%2Celectronics%2C80&sr=1-1,
833,ASUS,4.6,10,1,15.75,AMD Ryzen 5 5600G – 6‑Core Desktop Processor,8,512 GB SSD,Windows 11,743.88,https://rukminim1.flixcart.com/image/312/312/l1b1oy80/computer/n/t/t/fa506ic-hn075w-gaming-laptop-asus-original-imagcwugqkffhevx.jpeg?q=70,https://www.amazon.com/AMD-Ryzen-5600G-12-Thread-Processor/dp/B092L9GF5N/ref=sr_1_6?crid=MJF11QQ6ZKGX&dib=eyJ2IjoiMSJ9.VQGlrhRQ2hfsI-BiIO7t5PoVqaxp9BJjCVJRGIV5P_PFoXfRb5VMQE3-6x8-9iZ0sWsdLNTCoFY7X0hmDU0cYX0fV92U1qJH_rK8pdj_C6vDroPKUZdQsLAFuCg98FHJz0A6w_MW6DkBTtUrmTSNLcPneJNcvbSUZKyDedZSXLc2j9PopA5MfgDbb1D3q8LKz-_3RKXjzD22h0FdAdF_7i5Csc-_V6sW1b6kHTPTFRo.UrzWx1JRBED1N8BLI4mF4CIYmIwH58-1bcUffLIMxI8&dib_tag=se&keywords=AMD+Ryzen+5+Dual+Core+Processor+%285th+Gen%29&qid=1753311110&sprefix=amd+ryzen+5+dual+core+processor+5th+gen+%2Caps%2C247&sr=8-6,
844,ASUS,4.25,2841,241,15.75,AMD Ryzen 9 9950X Processor,16,1 TB SSD,Windows 11,2302.8,https://rukminim1.flixcart.com/image/312/312/xif0q/computer/0/p/6/rog-strix-g15-gaming-laptop-asus-original-imagh8frjsn64tvz.jpeg?q=70,https://www.amazon.com/AMD-7950X-32-Thread-Unlocked-Processor/dp/B0BBHD5D8Y/ref=sr_1_10?crid=22455OY8DBLFB&dib=eyJ2IjoiMSJ9.0f4tCLpP4XbyomduYvXZIhkMJtc_T4NB4jW_sXs3QTGxI8-l8fZAYU-B6lm_1LV5czJrc5TIESDJKTJb6Xhv8RNBZDSTA8FP-xx7sMfkoZXuxJBeEZ8Ro8d0avyhdZJ1wqKa6XHy_Af2Mu-mOv_HjMPneJNcvbSUZKyDedZSXLfPglw9YuZ8e0sE8yZm1ibWlGV-kHa9YXMAvGFPl5eDCRtq6PD4xNGS9wQWwso7u3M.WmhGKKBf6af3mD0xHII62HPbfdwoia72HnZHU6so6RM&dib_tag=se&keywords=AMD+Ryzen+9+Octa+Core+Processor+%2810th+Gen%29&qid=1753311206&sprefix=amd+ryzen+9+octa+core+processor+10th+gen+%2Caps%2C131&sr=8-10,
872,ASUS,4.25,2841,241,15.75,"AMD Ryzen 7 7800X3D (8‑Core, 16‑Thread, up to 5.0 GHz, 96 MB L3)",16,512 GB SSD,Windows 11,1153.02,https://rukminim1.flixcart.com/image/312/312/xif0q/computer/b/s/f/fa577re-hn055ws-laptop-asus-original-imaggc4w6ydyrur8.jpeg?q=70,https://www.amazon.com/AMD-Ryzen-7800X3D-16-Thread-Processor/dp/B0BTZB7F88/ref=sr_1_3?dib=eyJ2IjoiMSJ9.7mQFur92G2roQlByUKSlBZjYuJqhVV4pCja7n6s2J90XgRM4PQ2iY2QHcQa-bFUUeyrt6qgHVpS_4qa8wXNn5zIHkOXOqBQ9YWRvX5myWe6MK14QUPtepCLvZP08xwR9J6j9p49jBhdbNSE2U_E9YQnrtE2qlSeIP_AqgsHJbiOXocUEhs_XYo66XsiQ7HB82x3uPMWZXUl_VEa2NW2A4JdNNnuX7lV_Wx3IvVv1S0Gt6WktALIubWETXp1L5LjIBi_OiEVW22FHpTrza7ClmA-lk3mSlAHsVEIz0-klBy8.jo4lPlWrcZvg1WW0x8Ekyn1VzPDUMDGm0d7T9P70Qe4&dib_tag=se&keywords=AMD+Ryzen+7+Dual+Core+Processor+%2810th+Gen%29&qid=1753312790&s=electronics&sr=1-3,
877,ASUS,3.9,10,0,14.17,Intel Core i5 Processor (10th Gen),8,1 TB HDD,64 bit Windows 10,689.88,https://rukminim1.flixcart.com/image/312/312/kf8kvbk0/computer/9/a/k/asus-original-imafvq27mhsqxhek.jpeg?q=70,https://www.amazon.com/Intel-Core-i5-10500T-Hexa-core-Processor/dp/B0C8BSWF4Q/ref=sr_1_10?crid=1MWMLTMB935FI&dib=eyJ2IjoiMSJ9.EsrhOog3Mc5uKbt1_6w85UaF2ODZje-59iAaJ6PDXlEcrmm6rZhQ_elu8gr3IECcm84M3AtVWjwrQjO1jr4F7AzcWQ4S-mBHayVGZlAziLlnaO-CKN3L1phhTkXOt1CyibIeZ-YDzEhhmyxgwnXa5d-bXN5gy4Woy4qBwVLA8SfReyhpg6OYd9X9pZvg8iyFDMO83Pvtmzq0GWnmxlU8O9aokq_vrN5-EzznHNE3e4l1wOmMb3mBA6AE856BnJOkLMi02BryZHsniMD_frOS1qSXyUEoeUg4XCUrj6uO48Q.bSODXwA20Iljhm85v1FrrCMdg2VddurjMyqkdJrLAWI&dib_tag=se&keywords=Intel+Core+i5+Processor+%2810th+Gen%29&qid=1753313065&s=electronics&sprefix=intel+core+i5+processor+10th+gen+%2Celectronics%2C145&sr=1-10,
885,ACER,4.4,16,3,15.75,Intel Pentium Quad Core Processor,4,256 GB SSD,64 bit Windows 11,288,https://rukminim1.flixcart.com/image/312/312/xif0q/computer/o/o/k/extensa-notebook-acer-original-imagjykx7ghxmaw5.jpeg?q=70,https://www.amazon.com/HP-Pentium-Quad-Core-Processor-Charging/dp/B0FD2S53GF/ref=sr_1_3?crid=28UHOL6ONKTSB&dib=eyJ2IjoiMSJ9.biH2byzZ89eVBSBGTzc6RHuvB7h1-5f9udmbgrG4XNsVzPVxnI-j-yPGjuDVpMf0ctdVKiofBN34_K2veo7-fYdHBpdChg2O1OwQZheztdNb_nbwhWjaidtlR3cjU451bBaomfCLe3UfoBno7IkJzRsaWq8_YZIRO_Uw_0gmDIx6sA3Enxa2FVjiFns73U6njB9esX3XgJRm_lFz47rPWubyWQfpc8Xkh_mtHzcq7uEc_d8_zwAH5iFMsZ4pRlPq3DNuOfBG7VtjIKq_r6xlSfY93GI6-DBBjY-NUXPhmpY.3j8shOpLIAEacJCwv_DxpBLPS48NKK2Y8zVmCm4vAQ0&dib_tag=se&keywords=Intel+Pentium+Quad+Core+Processor&qid=1753313099&refinements=p_n_feature_four_browse-bin%3A1264420011&rnid=676578011&s=electronics&sprefix=intel+pentium+quad+core+processor%2Celectronics%2C98&sr=1-3,
886,Lenovo,3.6,25,4,15.75,Intel Core i3‑1115G4,8,1 TB HDD,Windows 10,490.68,https://rukminim1.flixcart.com/image/312/312/ktx9si80/computer/2/c/y/inspiron-laptop-dell-original-imag75zxhd4vgejn.jpeg?q=70,https://www.amazon.com/dp/B09WQGLJR2?th=1,
